AppId,StartTime,EndTime,Id,Time,Duration,Revenue
Dotyk.Application.News,2018-02-01T10:09:20.307Z,2018-02-01T10:09:20.307Z,0d8b4f17-2400-4a36-82a9-fa5d1b68b420,10.15,0.0,129.0
Dotyk.Application.News,2018-02-01T10:38:24.2228784Z,2018-02-01T10:56:12.747Z,9fb52ee5-a988-4e88-a5e8-7f17737218c6,10.63,17.81,175.0
Dotyk.Application.News,2018-02-01T14:34:37.9298412Z,2018-02-01T15:45:04.328Z,403590d5-7ac7-4945-a964-c0adb7186a88,14.57,70.44,19.0
Dotyk.Application.News,2018-02-01T16:11:48.5615712Z,2018-02-01T16:12:02.558Z,f61f1e45-667d-4aee-96da-8003e9ee6c48,16.18,0.23,19.0
Dotyk.Application.News,2018-02-01T16:30:04.4818992Z,2018-02-01T16:30:12.91Z,e4a06d78-cf2f-47d0-be75-c65184e14c19,16.5,0.14,115.0
Dotyk.Application.News,2018-02-01T18:43:12.7732366Z,2018-02-01T18:44:05.887Z,428d8da2-7556-488e-a780-91e062810f7a,18.72,0.89,129.0
Dotyk.Application.News,2018-02-02T16:12:09.4685684Z,2018-02-02T16:12:59.931Z,f9148929-d9be-490f-984d-b41ad33f1ee0,16.2,0.84,52.0
Dotyk.Application.News,2018-02-02T16:59:28.4039644Z,2018-02-02T16:59:57.431Z,7d9f5996-cfd3-42d2-9973-c378e9130c4b,16.98,0.48,98.0
Dotyk.Application.News,2018-02-02T17:01:59.8312738Z,2018-02-02T17:02:36.367Z,b4e81a6e-f3d8-4e0a-943e-a399a02f0859,17.02,0.61,45.0
Dotyk.Application.News,2018-02-02T17:05:38.4866693Z,2018-02-02T17:05:45.095Z,d76956e3-1094-47c3-92e3-16bfd7d084d6,17.08,0.11,25.0
Dotyk.Application.News,2018-02-02T18:07:31.5529952Z,2018-02-02T18:08:00.547Z,c0680982-35bd-4d07-8797-af1d4d9f8de7,18.12,0.48,52.0
Dotyk.Application.News,2018-02-02T19:02:39.5963326Z,2018-02-02T19:02:57.593Z,8a436147-1e2f-4630-a54d-371517f80b00,19.03,0.3,115.0
Dotyk.Application.News,2018-02-02T19:35:54.4318931Z,2018-02-02T19:36:26.638Z,cfbc6f3b-0422-46b4-ac6b-25039fb9c75d,19.58,0.54,155.0
Dotyk.Application.News,2018-02-02T21:18:00.2255797Z,2018-02-02T21:19:22.173Z,9fb78c1c-92b6-497e-bfe1-db5377ab78d0,21.3,1.37,155.0
Dotyk.Application.News,2018-02-03T09:14:36.9408262Z,2018-02-03T09:14:44.165Z,d11374eb-05a5-4b77-90de-f87e300a9e4a,9.23,0.12,132.0
Dotyk.Application.News,2018-02-03T09:19:26.2076415Z,2018-02-03T09:20:04.556Z,3ea3f16e-878a-4da3-99e6-092b374d021a,9.32,0.64,380.0
Dotyk.Application.News,2018-02-03T09:26:47.5022013Z,2018-02-03T09:27:11.108Z,7f142117-695e-4943-a5e6-50ed3ddf7abb,9.43,0.39,380.0
Dotyk.Application.News,2018-02-03T09:33:18.405906Z,2018-02-03T09:34:18.576Z,78267fef-07e7-42e0-9d5c-e1e7d7ecee28,9.55,1.0,380.0
Dotyk.Application.News,2018-02-03T09:34:25.2135181Z,2018-02-03T09:36:18.791Z,812274be-7462-4d55-a54f-29a0caf0f397,9.57,1.89,380.0
Dotyk.Application.News,2018-02-03T09:34:42.9741012Z,2018-02-03T10:51:20.497Z,3daf5bec-25b0-4edc-b611-9e697b2c6e2b,9.57,76.63,132.0
Dotyk.Application.News,2018-02-03T09:45:34.1912365Z,2018-02-03T09:46:01.279Z,a156a52b-a7cd-4ac9-8386-06e72cea7269,9.75,0.45,380.0
Dotyk.Application.News,2018-02-03T09:48:24.144191Z,2018-02-03T09:48:43.568Z,bed82dea-417e-4248-a668-de00a3839cba,9.8,0.32,380.0
Dotyk.Application.News,2018-02-03T09:49:02.8974443Z,2018-02-03T09:49:08.91Z,56879572-66fa-490c-9a74-efcb998544bf,9.82,0.1,380.0
Dotyk.Application.News,2018-02-03T11:03:24.3472482Z,2018-02-03T11:13:04.386Z,648dde98-a152-4450-acf1-1e6237fcf87e,11.05,9.67,132.0
Dotyk.Application.News,2018-02-03T12:07:27.3148602Z,2018-02-03T12:07:32.829Z,08388dfe-881d-47b2-9c26-76a72badb956,12.12,0.09,25.0
Dotyk.Application.News,2018-02-03T12:25:44.4401134Z,2018-02-03T12:26:56.553Z,c4c3d1da-1efb-4bd9-ab56-fe332d9d0126,12.42,1.2,105.0
Dotyk.Application.News,2018-02-03T13:42:35.1587353Z,2018-02-03T13:42:39.399Z,cacee360-251d-46e8-a6b2-df652d1bb5cb,13.7,0.07,105.0
Dotyk.Application.News,2018-02-03T14:54:29.5005501Z,2018-02-03T14:54:45.745Z,99f5e570-1035-4af1-955b-b25327665177,14.9,0.27,165.0
Dotyk.Application.News,2018-02-03T16:08:02.1047334Z,2018-02-03T16:08:09.382Z,b008e234-8623-4490-90b6-689978727edb,16.13,0.12,105.0
Dotyk.Application.News,2018-02-03T16:48:47.6723807Z,2018-02-03T16:56:04.818Z,dce729a7-e555-4da6-b7bb-7340e4b799d7,16.8,7.29,92.0
Dotyk.Application.News,2018-02-03T18:01:07.0128381Z,2018-02-03T18:10:44.535Z,691d125f-523b-48ec-866a-11072cd34fea,18.02,9.63,92.0
Dotyk.Application.News,2018-02-04T10:01:54.325091Z,2018-02-04T10:02:33.174Z,602c2ed7-0448-4c92-b9cb-e3c7950ba6cf,10.02,0.65,109.0
Dotyk.Application.News,2018-02-04T10:02:16.0898744Z,2018-02-04T10:02:36.935Z,32cbb861-c8ea-4f4a-9803-02b5bbc55418,10.03,0.35,109.0
Dotyk.Application.News,2018-02-04T11:23:47.1466233Z,2018-02-04T11:25:47.351Z,13724626-12e7-42f6-8ab4-8b7048cdb33b,11.38,2.0,109.0
Dotyk.Application.News,2018-02-04T11:23:58.1099874Z,2018-02-04T11:24:44.07Z,359a82cb-8526-4882-8953-533caf9e8d3e,11.38,0.77,45.0
Dotyk.Application.News,2018-02-04T11:24:06.1481322Z,2018-02-04T11:25:08.813Z,196ed726-b1d2-4295-a4b1-b565756f36c6,11.4,1.04,109.0
Dotyk.Application.News,2018-02-04T11:47:36.2383714Z,2018-02-04T11:47:40.228Z,4c34751e-bf55-4edc-bc9f-416665f284fb,11.78,0.07,132.0
Dotyk.Application.News,2018-02-04T11:49:06.5689541Z,2018-02-04T11:49:14.274Z,22465bcc-eb04-46a3-b769-de9eb6a62d27,11.82,0.13,185.0
Dotyk.Application.News,2018-02-04T12:02:44.1311544Z,2018-02-04T12:42:24.962Z,cd3faf34-3a7e-48d1-b4a6-60e7cf548ce3,12.03,39.68,115.0
Dotyk.Application.News,2018-02-04T12:29:13.1493132Z,2018-02-04T12:29:33.923Z,18b6b9c6-359c-4b43-8761-f67ec3ee129d,12.48,0.35,72.0
Dotyk.Application.News,2018-02-04T13:33:36.6929893Z,2018-02-04T13:34:01.218Z,2ed0cad8-4f12-49a1-bc35-96ade825f5d7,13.55,0.41,185.0
Dotyk.Application.News,2018-02-04T15:25:08.6996929Z,2018-02-04T15:25:38.617Z,fb682d59-851b-4b9c-8849-927429340a8d,15.42,0.5,115.0
Dotyk.Application.News,2018-02-04T16:02:20.4373368Z,2018-02-04T16:02:32.432Z,7411c123-0bb6-4f70-853f-339da8610420,16.03,0.2,45.0
Dotyk.Application.News,2018-02-04T16:42:39.1158101Z,2018-02-04T16:43:36.519Z,02848ebd-0a50-40f8-a4cd-71ca5ed9bb9d,16.7,0.96,38.0
Dotyk.Application.News,2018-02-04T16:55:52.5339442Z,2018-02-04T16:56:36.052Z,8b38a2db-e05b-430a-b48a-a77c13c8886b,16.92,0.73,165.0
Dotyk.Application.News,2018-02-04T17:36:25.1406255Z,2018-02-04T17:36:34.091Z,d722b476-1818-4fb7-b88c-c69a01e55122,17.6,0.15,45.0
Dotyk.Application.News,2018-02-04T18:01:33.2675521Z,2018-02-04T18:02:28.286Z,47dae6fa-1305-4c66-88bb-1261a992873a,18.02,0.92,115.0
Dotyk.Application.News,2018-02-04T18:04:15.0742408Z,2018-02-04T18:04:28.153Z,a0b796e5-d5c7-4a45-9a7f-f5283c41f055,18.07,0.22,115.0
Dotyk.Application.News,2018-02-04T18:04:31.5174779Z,2018-02-04T18:04:39.514Z,9e2065f1-671d-406a-8f52-f902d99073b0,18.07,0.13,109.0
Dotyk.Application.News,2018-02-04T18:59:36.453013Z,2018-02-04T19:00:11.62Z,a10000ee-ec69-4beb-9dbf-b8573d1951aa,18.98,0.59,165.0
Dotyk.Application.News,2018-02-04T18:59:44.4578276Z,2018-02-04T19:00:06.288Z,c030ef79-1d22-48b2-ba78-7029916c9b7b,18.98,0.36,111.0
Dotyk.Application.News,2018-02-04T19:04:12.1207729Z,2018-02-04T19:05:17.833Z,c86346d6-a412-4686-97eb-dc7cf06ef2bf,19.07,1.1,38.0
Dotyk.Application.News,2018-02-05T17:15:06.0313982Z,2018-02-05T17:15:09.199Z,e82e757e-f38c-4860-b0f5-314be0daf0f6,17.25,0.05,89.0
Dotyk.Application.News,2018-02-05T17:51:17.9074463Z,2018-02-05T17:51:53.77Z,747b8738-4e92-4e9e-b2f5-f3214f834c23,17.85,0.6,142.0
Dotyk.Application.News,2018-02-05T18:02:16.4276114Z,2018-02-05T18:02:41.997Z,6ec5ad54-6cd6-4582-9555-c2cfd22b2098,18.03,0.43,89.0
Dotyk.Application.News,2018-02-05T18:08:19.9357936Z,2018-02-05T18:08:23.734Z,ef77d850-7b09-4812-8f73-1dcb184736f7,18.13,0.06,89.0
Dotyk.Application.News,2018-02-06T11:35:27.6181557Z,2018-02-06T11:35:48.732Z,3a3a96ae-d511-41a1-bd9e-34f313bee672,11.58,0.35,105.0
Dotyk.Application.News,2018-02-06T14:38:46.1454875Z,2018-02-06T14:40:11.143Z,467ef89f-29a5-491f-9388-7d8c335735a4,14.63,1.42,33.0
Dotyk.Application.News,2018-02-06T15:27:58.4355632Z,2018-02-06T17:21:50.681Z,d89c7909-64ed-4a40-9c91-208fc46e7c85,15.45,113.87,65.0
Dotyk.Application.News,2018-02-06T15:48:55.6572816Z,2018-02-06T19:05:35.456Z,be95370a-5105-4ab0-a977-8c75a4340b77,15.8,196.66,58.0
Dotyk.Application.News,2018-02-06T16:14:13.2911643Z,2018-02-06T17:06:23.18Z,7f82befb-a6d1-4a68-8be8-17e28c00bba1,16.23,52.16,37.0
Dotyk.Application.News,2018-02-06T16:45:09.6053673Z,2018-02-06T16:45:17.288Z,1a72ef1b-a83d-42f0-a889-c6923c54ede6,16.75,0.13,142.0
Dotyk.Application.News,2018-02-06T16:46:46.0928581Z,2018-02-06T16:47:28.442Z,0b494aed-661a-4f85-8e06-3d766907ae5c,16.77,0.71,105.0
Dotyk.Application.News,2018-02-06T16:55:33.893629Z,2018-02-06T16:56:13.786Z,891cc318-01c7-4047-8393-2e943f277e5e,16.92,0.66,105.0
Dotyk.Application.News,2018-02-06T16:56:15.0222199Z,2018-02-06T16:56:18.084Z,9ae13d65-c14a-4c32-a5ba-2192c5a3221d,16.93,0.05,39.0
Dotyk.Application.News,2018-02-06T16:56:58.4475804Z,2018-02-06T17:44:43.316Z,d6b3c669-6add-43ba-8ec9-1e437248b339,16.93,47.75,65.0
Dotyk.Application.News,2018-02-06T16:58:17.2984898Z,2018-02-06T16:58:52.948Z,56d2f220-5e04-4d25-8be9-e971d59f049a,16.97,0.59,142.0
Dotyk.Application.News,2018-02-06T17:01:40.1377511Z,2018-02-06T17:01:47.599Z,26f3e79b-0409-441a-bc47-89948e26ea7d,17.02,0.12,39.0
Dotyk.Application.News,2018-02-06T17:05:58.5276233Z,2018-02-06T17:06:19.057Z,1a755769-f362-40e9-8696-d925ba711892,17.08,0.34,155.0
Dotyk.Application.News,2018-02-06T17:43:45.1330178Z,2018-02-06T18:10:21.46Z,5d992c71-69e0-4ce7-a43f-3fc28a76be9f,17.72,26.61,35.0
Dotyk.Application.News,2018-02-06T17:45:14.24217Z,2018-02-06T17:45:16.654Z,4ef03acc-4645-4b80-b461-4209b74bb913,17.75,0.04,105.0
Dotyk.Application.News,2018-02-06T19:35:21.2305447Z,2018-02-06T19:35:29.392Z,bb0068f1-7858-4ad7-b764-6f55c869f661,19.58,0.14,115.0
Dotyk.Application.News,2018-02-06T20:47:17.5527616Z,2018-02-06T21:33:28.891Z,f7f11655-9cb6-4289-a58e-ccbfa7c36216,20.78,46.19,48.0
Dotyk.Application.News,2018-02-06T22:03:18.3634446Z,2018-02-06T22:03:32.328Z,8624e6a2-84be-444a-884a-af8ffc06abb1,22.05,0.23,142.0
Dotyk.Application.News,2018-02-07T15:00:16.7506842Z,2018-02-07T15:00:30.908Z,8ea815c0-90d9-48e8-9470-2196daab3a79,15.0,0.24,185.0
Dotyk.Application.News,2018-02-07T16:09:27.6964409Z,2018-02-07T16:11:17.107Z,0bab2ce7-f413-4e61-b038-b120a2574912,16.15,1.82,399.0
Dotyk.Application.News,2018-02-07T16:09:37.8375841Z,2018-02-07T17:52:32.342Z,a8379f54-8186-4814-bf98-2dcfcfd04677,16.15,102.91,105.0
Dotyk.Application.News,2018-02-07T16:34:09.7382188Z,2018-02-07T16:34:29.129Z,98b31b0e-32bd-44b8-9ad6-bfe6b904ab98,16.57,0.32,115.0
Dotyk.Application.News,2018-02-07T16:48:02.5364956Z,2018-02-07T16:48:41.128Z,ea25cec7-0ec1-4845-b7c9-1e52ac4c27a6,16.8,0.64,109.0
Dotyk.Application.News,2018-02-07T17:32:28.1207882Z,2018-02-07T18:11:41.883Z,98004cd9-9d19-44a0-a4ab-2fd717de4aa0,17.53,39.23,65.0
Dotyk.Application.News,2018-02-07T19:16:44.5143032Z,2018-02-07T19:16:48.241Z,461e482f-e611-41f6-952a-ee70a6d06086,19.27,0.06,165.0
Dotyk.Application.News,2018-02-07T19:43:37.3870124Z,2018-02-07T19:44:18.101Z,9de0f30c-dcbd-4268-90b3-734634f0edfc,19.72,0.68,185.0
Dotyk.Application.News,2018-02-07T19:43:59.8635928Z,2018-02-07T19:44:12.537Z,a42567c4-90a9-435d-a502-d17d667b15cb,19.72,0.21,75.0
Dotyk.Application.News,2018-02-07T19:47:42.0084073Z,2018-02-07T19:47:56.309Z,028e1027-3038-47f8-835d-7d1d926df30a,19.78,0.24,129.0
Dotyk.Application.News,2018-02-07T20:09:25.7328634Z,2018-02-07T20:09:29.465Z,bc983891-f65c-4732-951f-d73032a215cd,20.15,0.06,165.0
Dotyk.Application.News,2018-02-07T20:13:45.2539703Z,2018-02-07T21:03:04.81Z,0c6efe5c-70c4-45bb-83a0-cb0c3f3a081f,20.22,49.33,30.0
Dotyk.Application.News,2018-02-07T21:20:51.9331416Z,2018-02-07T21:21:27.63Z,42348282-99bb-4bda-80cc-7740f7ba2db4,21.33,0.59,19.0
Dotyk.Application.News,2018-02-08T08:37:00.9810944Z,2018-02-08T08:37:47.489Z,1c418185-ebab-44f1-90e8-f0ebc369d3d9,8.62,0.78,109.0
Dotyk.Application.News,2018-02-08T11:48:24.3090483Z,2018-02-08T16:10:18.615Z,8ec1a20c-6296-40e9-b9ec-4a3eef9ffb24,11.8,261.91,165.0
Dotyk.Application.News,2018-02-08T13:07:20.3497962Z,2018-02-08T13:07:40.466Z,a23fe7d0-142c-4abc-af7d-c75abe038dfe,13.12,0.34,129.0
Dotyk.Application.News,2018-02-08T13:10:19.738573Z,2018-02-08T13:10:23.355Z,368a017a-be4a-4d24-8e44-c1536d86e01f,13.17,0.06,105.0
Dotyk.Application.News,2018-02-08T13:19:39.309643Z,2018-02-08T13:19:49.51Z,0fd91979-a6c5-4c98-848b-2ae55818b384,13.32,0.17,30.0
Dotyk.Application.News,2018-02-08T13:25:43.2686439Z,2018-02-08T13:25:54.708Z,e233a25e-e3b3-423c-a378-098046520fa1,13.42,0.19,105.0
Dotyk.Application.News,2018-02-08T15:23:42.2425167Z,2018-02-08T15:24:12.131Z,ae915867-cee8-45c1-9f17-78f66bc984c9,15.38,0.5,39.0
Dotyk.Application.News,2018-02-08T15:28:56.0821756Z,2018-02-08T15:29:57.517Z,27ecb4a0-5925-4e4f-8907-e8142361212c,15.47,1.02,39.0
Dotyk.Application.News,2018-02-08T16:02:18.0970016Z,2018-02-08T19:10:10.1Z,e5987eba-b3e8-4ab4-b042-208d310d3275,16.03,187.87,105.0
Dotyk.Application.News,2018-02-08T16:57:04.8816172Z,2018-02-08T16:57:45.658Z,e02e5418-edcc-4218-aaa8-a8486cf5aa0f,16.95,0.68,115.0
Dotyk.Application.News,2018-02-08T17:21:34.8823069Z,2018-02-08T17:21:55.645Z,b61b2d0e-5800-4cf1-8280-2c6226bb419f,17.35,0.35,89.0
Dotyk.Application.News,2018-02-08T17:21:39.7887105Z,2018-02-08T17:22:02.02Z,79471410-2017-4b3b-ab77-6c99a010b36a,17.35,0.37,25.0
Dotyk.Application.News,2018-02-08T18:06:14.0961894Z,2018-02-08T18:39:28.546Z,e5b55bc3-e069-452f-bae7-322866f9b6f3,18.1,33.24,45.0
Dotyk.Application.News,2018-02-08T18:09:57.0009462Z,2018-02-08T18:11:33.023Z,2c606921-657c-4281-b6f1-ecc26fb6acb6,18.15,1.6,25.0
Dotyk.Application.News,2018-02-08T18:13:48.2750413Z,2018-02-08T18:13:57.709Z,7a686c15-37e0-4ce9-b188-272e7c3bf8f4,18.22,0.16,33.0
Dotyk.Application.News,2018-02-08T18:15:22.8847433Z,2018-02-08T19:39:48.929Z,8d5ea35a-1165-4427-a7aa-b3b7108b69e9,18.25,84.43,129.0
Dotyk.Application.News,2018-02-08T18:37:51.9689476Z,2018-02-08T18:38:18.79Z,a9e8a08d-582b-44a5-a248-adec9e278e5f,18.62,0.45,132.0
Dotyk.Application.News,2018-02-08T19:11:23.8243799Z,2018-02-08T19:13:18.289Z,1ba0552f-c5ec-432d-9bb8-7d27777467d2,19.18,1.91,105.0
Dotyk.Application.News,2018-02-08T19:38:29.7849293Z,2018-02-08T19:38:41.684Z,e16820c0-e8f0-449c-a995-756dc8b19cdc,19.63,0.2,105.0
Dotyk.Application.News,2018-02-08T19:49:07.7733003Z,2018-02-08T19:50:47.328Z,c0417a5a-246e-4e7a-bfd4-b7ca77ab459e,19.82,1.66,129.0
Dotyk.Application.News,2018-02-08T20:00:15.4450394Z,2018-02-08T20:00:22.476Z,38ca52bf-c2f7-4f83-b5a3-8aebe84a03bf,20.0,0.12,129.0
Dotyk.Application.News,2018-02-08T20:20:14.4791077Z,2018-02-08T20:20:18.786Z,d6bb754e-6b73-4628-93dd-ae0974b57611,20.33,0.07,72.0
Dotyk.Application.News,2018-02-08T20:35:34.435145Z,2018-02-08T20:41:41.624Z,b7a2eded-9b39-4ea0-aa00-78b4e032908c,20.58,6.12,165.0
Dotyk.Application.News,2018-02-09T10:47:46.5331333Z,2018-02-09T10:48:23.836Z,c9a10883-2e43-4413-ab9a-c864b790e016,10.78,0.62,25.0
Dotyk.Application.News,2018-02-09T12:19:17.2016561Z,2018-02-09T12:19:55.078Z,1f09bc04-a2c3-41b2-8ccd-6cdfb4843167,12.32,0.63,19.0
Dotyk.Application.News,2018-02-09T12:46:24.17654Z,2018-02-09T12:46:43.092Z,af9b97f0-a4d2-4332-ad0f-fda7a7fc27d2,12.77,0.32,115.0
Dotyk.Application.News,2018-02-09T13:12:29.4308413Z,2018-02-09T13:12:47.942Z,ab0fded6-b0e9-42cd-9f04-e210fd249fb2,13.2,0.31,72.0
Dotyk.Application.News,2018-02-09T13:13:31.0545627Z,2018-02-09T13:15:29.817Z,4b9f95bc-fba0-4509-a402-8b30b490ca30,13.22,1.98,19.0
Dotyk.Application.News,2018-02-09T13:24:43.9183114Z,2018-02-09T13:24:52.718Z,9344a649-34b5-4446-b3df-e437d2641a1c,13.4,0.15,19.0
Dotyk.Application.News,2018-02-09T13:43:16.7884991Z,2018-02-09T13:43:46.972Z,356e19f4-1879-43d6-b336-4968e14bb22c,13.72,0.5,48.0
Dotyk.Application.News,2018-02-09T15:14:37.0937798Z,2018-02-09T15:29:21.862Z,0c6220b4-d12c-4265-948a-8faf8b262ff7,15.23,14.75,145.0
Dotyk.Application.News,2018-02-09T15:18:29.9487485Z,2018-02-09T15:18:44.341Z,6eb51ecf-5ae5-42c4-b0b6-7d5bb9c16747,15.3,0.24,52.0
Dotyk.Application.News,2018-02-09T16:23:26.621485Z,2018-02-09T16:57:05.914Z,377e516a-0d52-4196-a2cd-39f0ea1489e3,16.38,33.65,19.0
Dotyk.Application.News,2018-02-09T17:27:25.806403Z,2018-02-09T17:27:55.685Z,7a33f276-51d4-4ffc-bf1c-b6e05713ee66,17.45,0.5,52.0
Dotyk.Application.News,2018-02-09T17:28:28.1981723Z,2018-02-09T17:28:40.011Z,90726ef6-ac5f-4dc7-8ccb-3cf3a6f7dcb1,17.47,0.2,25.0
Dotyk.Application.News,2018-02-09T17:38:28.6203756Z,2018-02-09T18:28:00.738Z,d7d6ac2c-1325-474e-b5f3-91f4c06732fe,17.63,49.54,132.0
Dotyk.Application.News,2018-02-09T17:48:03.778902Z,2018-02-09T17:49:29.468Z,1863c218-bb64-4843-9cfc-73a8609b5419,17.8,1.43,52.0
Dotyk.Application.News,2018-02-09T18:12:52.5996487Z,2018-02-09T18:12:57.133Z,f5da1076-7a96-40f5-9e04-9317f00c7e2b,18.2,0.08,125.0
Dotyk.Application.News,2018-02-09T18:39:56.999721Z,2018-02-09T18:40:14.586Z,b3409947-68dd-4ce8-b669-2e3035703f49,18.65,0.29,52.0
Dotyk.Application.News,2018-02-09T18:45:27.5199843Z,2018-02-09T18:48:29.981Z,e70e21ca-df5f-4c7c-afdf-ff88ac2d7a65,18.75,3.04,52.0
Dotyk.Application.News,2018-02-09T18:52:26.0042692Z,2018-02-09T19:49:52.332Z,8f332cf5-b2e8-49d1-a275-dbe09e51f9d9,18.87,57.44,72.0
Dotyk.Application.News,2018-02-09T19:27:30.996245Z,2018-02-09T19:28:15.623Z,2e464680-753b-4332-ba7a-abe688abb78d,19.45,0.74,115.0
Dotyk.Application.News,2018-02-09T20:17:56.476545Z,2018-02-09T20:18:44.918Z,77c0e70f-1a0a-4e94-9871-f1ef46b02e55,20.28,0.81,65.0
Dotyk.Application.News,2018-02-09T20:56:23.3277141Z,2018-02-09T21:03:50.11Z,dc16f706-36a7-4ccf-820c-a20810f220de,20.93,7.45,52.0
Dotyk.Application.News,2018-02-09T21:49:20.3153294Z,2018-02-09T21:49:41.291Z,84801b92-0eeb-4fce-9d39-cf4bc0c83c4e,21.82,0.35,115.0
Dotyk.Application.News,2018-02-09T23:25:17.0343423Z,2018-02-09T23:26:45.072Z,7d0659e0-cec0-4a75-baba-d06ebf524863,23.42,1.47,25.0
Dotyk.Application.News,2018-02-10T16:15:31.093229Z,2018-02-10T16:15:39.47Z,aa7e3e00-169d-4eb3-ae6f-33b6bb1f71c1,16.25,0.14,38.0
Dotyk.Application.News,2018-02-10T16:15:31.5980164Z,2018-02-10T16:15:55.545Z,9ab9004c-8fa6-47ca-9c6d-441af18a25b6,16.25,0.4,132.0
Dotyk.Application.News,2018-02-10T16:57:34.1429848Z,2018-02-10T16:57:48.475Z,053c9977-ede2-4598-979d-c4a3c17b188c,16.95,0.24,27.0
Dotyk.Application.News,2018-02-10T17:16:36.5607454Z,2018-02-10T17:17:08.363Z,9b3fdc21-8241-4292-a37f-241682b484e5,17.27,0.53,65.0
Dotyk.Application.News,2018-02-10T17:19:34.7555115Z,2018-02-10T17:20:08.454Z,01903862-8f51-42c9-ac68-d82b1dd5a0ed,17.32,0.56,165.0
Dotyk.Application.News,2018-02-10T17:46:22.1106227Z,2018-02-10T17:47:23.357Z,c1aa07f7-b611-481e-a085-bd70568930dd,17.77,1.02,55.0
Dotyk.Application.News,2018-02-10T17:51:21.2238436Z,2018-02-10T17:51:46.824Z,e146c1b4-6c75-4bda-86c5-3102526573f1,17.85,0.43,165.0
Dotyk.Application.News,2018-02-10T18:20:38.0143075Z,2018-02-10T19:04:14.917Z,69d426be-c801-4aad-8465-93383ce28738,18.33,43.62,89.0
Dotyk.Application.News,2018-02-10T19:11:44.1094668Z,2018-02-10T19:12:28.975Z,4aa07e4e-725c-4866-a556-c3726fb554d3,19.18,0.75,89.0
Dotyk.Application.News,2018-02-10T19:15:30.0886704Z,2018-02-10T19:16:14.408Z,c78ba444-adf7-489b-b5f2-f05d958561e4,19.25,0.74,165.0
Dotyk.Application.News,2018-02-10T20:11:22.6660134Z,2018-02-10T20:11:35.496Z,5d58ce26-1002-456b-8917-736759e71fbd,20.18,0.21,58.0
Dotyk.Application.News,2018-02-10T20:20:14.1872578Z,2018-02-10T20:22:23.27Z,a5656e2a-9144-4cd3-a231-10cc9db8cca8,20.33,2.15,65.0
Dotyk.Application.News,2018-02-10T20:22:47.8580369Z,2018-02-10T20:45:40.57Z,27a9f60f-e972-4383-bf51-37b2a73bfdaf,20.37,22.88,65.0
Dotyk.Application.News,2018-02-10T21:15:15.7239939Z,2018-02-10T21:15:25.452Z,0bed9bca-3df6-4754-8b0a-533f746cc225,21.25,0.16,38.0
Dotyk.Application.News,2018-02-10T22:43:50.1783533Z,2018-02-10T22:44:21.727Z,b2b0f8d8-161a-44b7-a26c-57a88d055115,22.72,0.53,35.0
Dotyk.Application.News,2018-02-10T23:29:11.7375729Z,2018-02-10T23:29:19.695Z,63385896-ae6d-4bec-ab88-3c90188f53c3,23.48,0.13,27.0
Dotyk.Application.News,2018-02-11T10:13:06.0172258Z,2018-02-11T10:43:01.806Z,7ca19660-8cad-4228-92f5-062f140c28ce,10.22,29.93,350.0
Dotyk.Application.News,2018-02-11T10:26:39.3052331Z,2018-02-11T10:28:22.198Z,03e26397-5d86-4b5e-8c5a-732a3d180c8e,10.43,1.71,98.0
Dotyk.Application.News,2018-02-11T10:27:18.6813816Z,2018-02-11T11:42:42.1Z,aba916fc-a46e-472b-8acd-13ec4f5d87ab,10.45,75.39,92.0
Dotyk.Application.News,2018-02-11T10:28:43.5349215Z,2018-02-11T10:29:31.519Z,c90d21c0-af01-4a79-965d-98868c0e3352,10.47,0.8,19.0
Dotyk.Application.News,2018-02-11T10:41:44.5402723Z,2018-02-11T10:42:17.265Z,3a2fd7be-3375-4f2e-bbe3-7a22884ab343,10.68,0.55,98.0
Dotyk.Application.News,2018-02-11T10:45:20.8435742Z,2018-02-11T10:45:36.491Z,8a43fb5c-7fcc-4932-8700-1e7d2446d2c4,10.75,0.26,37.0
Dotyk.Application.News,2018-02-11T10:45:24.6525416Z,2018-02-11T10:45:44.378Z,ad439421-c868-4085-9c58-3d3acc8a8e87,10.75,0.33,155.0
Dotyk.Application.News,2018-02-11T11:08:01.8852038Z,2018-02-11T12:51:57.287Z,8cb0733b-eb56-4d4e-8a8c-54d1be7d64dd,11.13,103.92,145.0
Dotyk.Application.News,2018-02-11T11:15:21.4026238Z,2018-02-11T11:15:35.804Z,26df2c86-a02e-492a-9d92-784585de50d2,11.25,0.24,185.0
Dotyk.Application.News,2018-02-11T11:20:12.6782379Z,2018-02-11T11:20:38.93Z,560332be-60a9-473c-b4ca-77d7a221c93b,11.33,0.44,155.0
Dotyk.Application.News,2018-02-11T11:44:59.4674505Z,2018-02-11T11:45:13.548Z,9d621333-9ec1-4b20-9985-a9017733f050,11.73,0.23,92.0
Dotyk.Application.News,2018-02-11T11:46:45.3570537Z,2018-02-11T11:47:28.11Z,ba17fa7e-3b29-4182-81c7-e661a2631e1b,11.77,0.71,38.0
Dotyk.Application.News,2018-02-11T11:56:18.7310968Z,2018-02-11T11:56:53.791Z,14f0297c-7241-4494-a64a-3b8bad6de550,11.93,0.58,65.0
Dotyk.Application.News,2018-02-11T12:12:48.1165716Z,2018-02-11T12:12:54.159Z,e39f5ba6-f162-4093-aff5-951ebbd9a3ba,12.2,0.1,37.0
Dotyk.Application.News,2018-02-11T12:49:21.3502506Z,2018-02-11T12:49:29.711Z,ab58680a-60bb-4cee-a548-68c39ae3a175,12.82,0.14,185.0
Dotyk.Application.News,2018-02-11T13:00:09.1661257Z,2018-02-11T13:00:32.639Z,30673633-35d5-4c9a-83a3-d7a25e9a29db,13.0,0.39,145.0
Dotyk.Application.News,2018-02-11T13:03:31.4568134Z,2018-02-11T13:45:01.636Z,3b4cc3aa-1798-46ac-89e9-34a8efb7ae7d,13.05,41.5,155.0
Dotyk.Application.News,2018-02-11T13:06:26.9332885Z,2018-02-11T13:06:55.003Z,b099e3b5-4a4d-45f8-9ac0-e72b63b16689,13.1,0.47,25.0
Dotyk.Application.News,2018-02-11T13:12:32.0671152Z,2018-02-11T13:13:17.868Z,ccb79f1b-c31b-4030-a93a-3b81ff7caa0f,13.2,0.76,25.0
Dotyk.Application.News,2018-02-11T13:14:08.3943995Z,2018-02-11T13:15:23.031Z,5c77f433-ccca-469f-8b47-bb7c67d93a5c,13.23,1.24,145.0
Dotyk.Application.News,2018-02-11T13:29:30.2609732Z,2018-02-11T13:29:57.56Z,0db40048-3c65-40ce-a544-a70b5086fd12,13.48,0.45,109.0
Dotyk.Application.News,2018-02-11T13:34:03.2277383Z,2018-02-11T13:44:48.398Z,f41e5175-21ec-4ca2-8913-a9471411534b,13.57,10.75,37.0
Dotyk.Application.News,2018-02-11T13:45:15.7507363Z,2018-02-11T13:45:20.56Z,ddb67b51-bd72-44ed-afb5-d05d6a0e6a9a,13.75,0.08,155.0
Dotyk.Application.News,2018-02-11T13:49:56.5178239Z,2018-02-11T14:14:24.869Z,e98ab228-fa16-4186-8f50-7513c21857bd,13.82,24.47,37.0
Dotyk.Application.News,2018-02-11T13:51:12.9499806Z,2018-02-11T13:53:04.784Z,434154f4-9954-42e2-8d67-487f89cc8670,13.85,1.86,92.0
Dotyk.Application.News,2018-02-11T14:13:34.7661322Z,2018-02-11T14:13:43.466Z,bec44fb9-2660-4790-9f3f-29d90ecb02a7,14.22,0.14,92.0
Dotyk.Application.News,2018-02-11T14:15:00.9969037Z,2018-02-11T14:15:31.389Z,d96d9563-a4ca-4e6c-abf1-9671303fe77f,14.25,0.51,38.0
Dotyk.Application.News,2018-02-11T14:25:02.5657785Z,2018-02-11T14:26:57.606Z,9aefd798-4ff4-4008-8f79-cfea9e1cee7d,14.42,1.92,155.0
Dotyk.Application.News,2018-02-11T14:25:23.872788Z,2018-02-11T15:06:29.557Z,e7c63ac7-482e-42f7-9f94-4380fcdb9802,14.42,41.09,37.0
Dotyk.Application.News,2018-02-11T14:29:42.1842324Z,2018-02-11T14:29:53.039Z,0a64c83d-4619-459e-b5be-b6028186b1c6,14.48,0.18,37.0
Dotyk.Application.News,2018-02-11T14:30:59.5619309Z,2018-02-11T14:36:22.021Z,86d0bc3d-8086-4994-b07d-7c1ab3f9ebc4,14.5,5.37,142.0
Dotyk.Application.News,2018-02-11T14:44:01.8027461Z,2018-02-11T14:51:50.626Z,9f3766e7-13db-409e-9066-2a203ce26b27,14.73,7.81,145.0
Dotyk.Application.News,2018-02-11T14:44:56.8506701Z,2018-02-11T14:52:12.899Z,d057c31f-36e0-416e-bb0f-3cc5890bc3ec,14.73,7.27,65.0
Dotyk.Application.News,2018-02-11T15:16:34.4926811Z,2018-02-11T15:17:55.519Z,0a0918a6-f111-4a46-ae5a-6c4a79172f31,15.27,1.35,142.0
Dotyk.Application.News,2018-02-11T15:19:24.7801351Z,2018-02-11T15:21:03.784Z,4724f2ff-2a7d-4830-8918-47a6a357630f,15.32,1.65,92.0
Dotyk.Application.News,2018-02-11T15:20:41.0641881Z,2018-02-11T15:20:51.161Z,e04974c3-775d-4433-97c0-cf20bebbd6be,15.33,0.17,37.0
Dotyk.Application.News,2018-02-11T15:21:28.8121958Z,2018-02-11T15:22:06.169Z,5bb6e587-603a-4d9c-be68-6433212bf1fb,15.35,0.62,350.0
Dotyk.Application.News,2018-02-11T15:21:32.9975062Z,2018-02-11T15:21:36.326Z,372fc82b-8d02-4d4b-9e68-29d1c5e226cb,15.35,0.06,399.0
Dotyk.Application.News,2018-02-11T15:21:50.3345081Z,2018-02-11T15:23:11.434Z,004ccb25-0d62-4663-a3d0-745bbf560434,15.35,1.35,92.0
Dotyk.Application.News,2018-02-11T15:22:23.0170826Z,2018-02-11T15:23:04.2Z,0ec66ad1-77d1-4b07-9059-63a256d90d50,15.37,0.69,350.0
Dotyk.Application.News,2018-02-11T15:35:27.4322798Z,2018-02-11T15:35:43.095Z,0f0f7837-3f1f-46f4-8db2-2746c719353a,15.58,0.26,65.0
Dotyk.Application.News,2018-02-11T15:38:30.4433329Z,2018-02-11T15:40:10.548Z,dfef9c67-52fa-470c-bef1-e258f75de6cd,15.63,1.67,92.0
Dotyk.Application.News,2018-02-11T15:39:33.8019489Z,2018-02-11T15:40:03.068Z,1ed6f7dc-32e7-4eaa-968f-74f70c4c5bdb,15.65,0.49,109.0
Dotyk.Application.News,2018-02-11T16:03:22.9589548Z,2018-02-11T16:03:29.419Z,e2e55dbf-f43c-4d35-9d97-656e855b392e,16.05,0.11,65.0
Dotyk.Application.News,2018-02-11T16:06:25.360851Z,2018-02-11T16:06:48.132Z,36bd596c-403a-423d-9cdf-9cf5b7710061,16.1,0.38,290.0
Dotyk.Application.News,2018-02-11T16:09:51.2534088Z,2018-02-11T16:15:55.916Z,74380609-4dff-4bb7-b0df-34cf88505eaf,16.15,6.08,65.0
Dotyk.Application.News,2018-02-11T16:10:10.642733Z,2018-02-11T16:10:27.579Z,bd2e77fd-8188-43a2-a8df-5cf83fd30e1a,16.17,0.28,111.0
Dotyk.Application.News,2018-02-11T16:14:02.3030728Z,2018-02-11T16:14:11.853Z,84b6ff89-fe4c-4559-b5f4-3928d4941749,16.23,0.16,37.0
Dotyk.Application.News,2018-02-11T16:16:38.2798528Z,2018-02-11T16:17:14.562Z,44fe9f57-ca23-42a7-bb15-b20871180ec0,16.27,0.6,38.0
Dotyk.Application.News,2018-02-11T16:20:40.6123021Z,2018-02-11T16:20:55.174Z,283d48bc-da7b-49db-8883-bae531d13a92,16.33,0.24,185.0
Dotyk.Application.News,2018-02-11T17:18:07.8816723Z,2018-02-11T17:18:23.308Z,a963a321-09ec-4b79-a8d5-922079473d00,17.3,0.26,115.0
Dotyk.Application.News,2018-02-11T17:21:18.0369214Z,2018-02-11T17:21:30.22Z,e8107afc-7d8e-49be-a1b5-3f24182c4cde,17.35,0.2,25.0
Dotyk.Application.News,2018-02-11T17:44:44.3368318Z,2018-02-11T17:45:09.696Z,3a91473b-1a14-49f9-bff4-69e4c8aaca9c,17.73,0.42,111.0
Dotyk.Application.News,2018-02-11T18:12:48.6781525Z,2018-02-11T18:13:04.456Z,3d6b37d0-cc88-475e-9e7c-78e229ead457,18.2,0.26,155.0
Dotyk.Application.News,2018-02-11T18:18:04.3434069Z,2018-02-11T18:19:53.95Z,f2bc9008-02e9-4bf4-9c22-d1f60d2fe82d,18.3,1.83,165.0
Dotyk.Application.News,2018-02-11T18:31:51.4896805Z,2018-02-11T18:32:08.2Z,55b793e0-8f33-47ef-a5a9-9e8a6fe926d6,18.52,0.28,65.0
Dotyk.Application.News,2018-02-11T18:43:44.0878918Z,2018-02-11T18:44:01.368Z,6e780d63-ce8e-43f8-a639-6601d0536579,18.72,0.29,155.0
Dotyk.Application.News,2018-02-11T18:45:19.6221716Z,2018-02-11T19:19:52.904Z,21b7c82d-aa02-4775-80a9-3b1ea1af1ee0,18.75,34.55,155.0
Dotyk.Application.News,2018-02-11T18:47:03.6308266Z,2018-02-11T18:47:48.256Z,ee43337f-7a9a-47f0-8158-6e39a623770c,18.78,0.74,75.0
Dotyk.Application.News,2018-02-11T18:47:11.5515617Z,2018-02-11T18:47:22.914Z,64d828df-a376-47f4-93c6-e6449f895031,18.78,0.19,89.0
Dotyk.Application.News,2018-02-11T18:51:09.508564Z,2018-02-11T18:51:54.335Z,52f754c2-bf37-44c8-80ba-162c33a29c26,18.85,0.75,145.0
Dotyk.Application.News,2018-02-11T18:59:19.3313828Z,2018-02-11T19:00:24.603Z,a1fe0672-c47d-495a-bb57-80c446b47618,18.98,1.09,165.0
Dotyk.Application.News,2018-02-11T19:00:00.2647721Z,2018-02-11T19:01:02.735Z,3d21464c-3b1e-4ecb-8526-e5fefc2f11b5,19.0,1.04,185.0
Dotyk.Application.News,2018-02-11T19:36:01.2353429Z,2018-02-11T19:36:36.125Z,8cc17a32-9627-4f45-b118-baa059a92b88,19.6,0.58,165.0
Dotyk.Application.News,2018-02-11T19:36:09.2289514Z,2018-02-11T19:48:21.517Z,5ece934b-26d7-4daf-ba79-1b608663218d,19.6,12.2,65.0
Dotyk.Application.News,2018-02-11T19:46:03.3649289Z,2018-02-11T21:11:20.462Z,295ce8a3-ea39-48d6-863e-946d6cb4fb82,19.77,85.28,165.0
Dotyk.Application.News,2018-02-11T20:54:27.4825873Z,2018-02-11T20:54:31.508Z,5c3ef556-3335-4389-ae5f-d14e7641fca8,20.9,0.07,38.0
Dotyk.Application.News,2018-02-11T20:54:31.9601883Z,2018-02-11T20:54:37.824Z,e8a40ecc-37e0-4181-aa35-1843fa5f9254,20.9,0.1,350.0
Dotyk.Application.News,2018-02-11T20:59:33.0163942Z,2018-02-11T21:00:15.395Z,f26ae039-6311-4cc6-adeb-79a629fbf5c7,20.98,0.71,350.0
Dotyk.Application.News,2018-02-12T11:36:35.1261392Z,2018-02-12T11:36:50.86Z,a77d29b6-a5b0-4ef2-a21d-fbc070f926ab,11.6,0.26,60.0
Dotyk.Application.News,2018-02-12T11:36:51.7003471Z,2018-02-12T11:37:22.062Z,799f7ded-2f90-4612-be6c-222ce3b23080,11.6,0.51,60.0
Dotyk.Application.News,2018-02-12T11:37:22.926307Z,2018-02-12T11:37:45.045Z,70990c3c-042a-4f51-8bd4-e3b7639f77e9,11.62,0.37,60.0
Dotyk.Application.News,2018-02-12T11:37:45.8950054Z,2018-02-12T11:38:09.184Z,2e3cc292-865b-43a9-b288-770fe7446d1d,11.62,0.39,60.0
Dotyk.Application.News,2018-02-12T11:38:10.0206362Z,2018-02-12T11:38:27.523Z,721f3872-0feb-4b1d-83c3-7d292731a3b4,11.63,0.29,60.0
Dotyk.Application.News,2018-02-12T11:38:28.4054357Z,2018-02-12T11:38:35.878Z,fecbb7e3-04e5-41d7-9513-30906400c5d6,11.63,0.12,60.0
Dotyk.Application.News,2018-02-12T11:38:36.7333795Z,2018-02-12T11:39:01.499Z,92021bc7-a9ae-49b4-b30c-5ef75945a9b4,11.63,0.41,60.0
Dotyk.Application.News,2018-02-12T11:39:02.3353144Z,2018-02-12T11:39:16.142Z,6cf860ee-eaed-40c5-a953-0152ee7956db,11.65,0.23,60.0
Dotyk.Application.News,2018-02-12T11:39:17.0281886Z,2018-02-12T11:39:54.768Z,72cebf22-82b3-41af-8497-efb6a9bee167,11.65,0.63,60.0
Dotyk.Application.News,2018-02-12T11:39:55.7007102Z,2018-02-12T11:40:03.929Z,b2a604a6-1eeb-4235-a03d-8561db100fdd,11.65,0.14,60.0
Dotyk.Application.News,2018-02-12T11:40:04.7772554Z,2018-02-12T11:40:08.634Z,6e1da818-a960-4879-a125-10aa33c82dba,11.67,0.06,60.0
Dotyk.Application.News,2018-02-12T11:40:09.4956025Z,2018-02-12T11:40:53.92Z,634aac5e-e672-4e2f-a63d-602c37b3ffcd,11.67,0.74,60.0
Dotyk.Application.News,2018-02-12T11:40:54.7698472Z,2018-02-12T11:40:58.556Z,2b833d3f-3abe-4615-98b2-e7315ae1f57a,11.67,0.06,60.0
Dotyk.Application.News,2018-02-12T11:40:59.3839472Z,2018-02-12T11:41:21.398Z,ab4e5768-6d48-4f06-9149-b818921b1910,11.67,0.37,60.0
Dotyk.Application.News,2018-02-12T11:41:22.2839272Z,2018-02-12T11:41:41.092Z,1ae0fa6d-4af9-47b0-8e4c-7a071dd79de3,11.68,0.31,60.0
Dotyk.Application.News,2018-02-12T11:41:41.9801352Z,2018-02-12T11:41:45.687Z,bc077419-d2e0-4544-96fe-47ca57ca5dcc,11.68,0.06,60.0
Dotyk.Application.News,2018-02-12T11:41:46.5341795Z,2018-02-12T11:41:53.141Z,fce1eb9a-d010-49a4-9f7e-21091c3103e6,11.68,0.11,60.0
Dotyk.Application.News,2018-02-12T11:41:54.0577787Z,2018-02-12T11:42:05.524Z,d4594f7b-d410-41b8-b61c-6a799d58f1ed,11.68,0.19,60.0
Dotyk.Application.News,2018-02-12T11:42:06.3675044Z,2018-02-12T11:42:21.335Z,b8977380-9857-4c6c-af0d-3e2bf4d94485,11.7,0.25,60.0
Dotyk.Application.News,2018-02-12T11:42:22.2354201Z,2018-02-12T11:42:26.291Z,bc909e68-8cb1-46a3-850c-d7a1659dfd67,11.7,0.07,60.0
Dotyk.Application.News,2018-02-12T11:42:27.1459498Z,2018-02-12T11:42:30.796Z,0d6ddbae-035d-4a60-be5b-95026dfeba49,11.7,0.06,60.0
Dotyk.Application.News,2018-02-12T11:42:31.6449635Z,2018-02-12T11:42:35.337Z,caeb920b-187c-4c84-8a8d-18a9609b9ba0,11.7,0.06,60.0
Dotyk.Application.News,2018-02-12T11:42:36.2441352Z,2018-02-12T11:42:43.093Z,b48a4495-856e-4cba-946f-3000bc0f3792,11.7,0.11,60.0
Dotyk.Application.News,2018-02-12T11:42:43.955407Z,2018-02-12T11:42:50.676Z,20ddcdd5-662f-4517-b79d-9e45bc2d87bb,11.7,0.11,60.0
Dotyk.Application.News,2018-02-12T11:42:51.6151563Z,2018-02-12T11:43:01.647Z,718a3a09-373a-489d-9b5a-9874913ea09f,11.7,0.17,60.0
Dotyk.Application.News,2018-02-12T11:43:02.5264166Z,2018-02-12T11:43:11.513Z,775793b0-cfbb-4564-92c1-637fa52534d9,11.72,0.15,60.0
Dotyk.Application.News,2018-02-12T11:43:12.3673116Z,2018-02-12T11:43:16.043Z,21c1ab27-291c-4e7a-9b7b-dc7bcecd9334,11.72,0.06,60.0
Dotyk.Application.News,2018-02-12T11:43:16.9150588Z,2018-02-12T11:43:31.688Z,1d607cc4-5897-4e32-bb4e-f82bfdcf8b83,11.72,0.25,60.0
Dotyk.Application.News,2018-02-12T11:43:32.520736Z,2018-02-12T11:43:42.635Z,6d55e68d-7188-4fa7-b9cc-43319eeee302,11.72,0.17,60.0
Dotyk.Application.News,2018-02-12T11:43:43.5399739Z,2018-02-12T11:43:50.018Z,8f224a18-5c89-4945-9c22-3de71a76f150,11.72,0.11,60.0
Dotyk.Application.News,2018-02-12T11:43:50.8934586Z,2018-02-12T11:43:58.029Z,4d9bd3b2-fe1d-419c-98ce-00fe51c1d37b,11.72,0.12,60.0
Dotyk.Application.News,2018-02-12T11:43:58.9461465Z,2018-02-12T11:44:09.637Z,0bc9781d-fd16-4809-8acb-39666e2ed375,11.72,0.18,60.0
Dotyk.Application.News,2018-02-12T11:44:10.5081131Z,2018-02-12T11:44:16.852Z,2269b766-6dc8-4e05-8120-1f70d5ead42f,11.73,0.11,60.0
Dotyk.Application.News,2018-02-12T11:44:17.687637Z,2018-02-12T11:44:29.618Z,9e3b20ba-08c7-4b25-aa37-0a19499759c4,11.73,0.2,60.0
Dotyk.Application.News,2018-02-12T11:44:30.4865475Z,2018-02-12T11:44:35.285Z,85a448f2-eb88-4ed2-b07b-d9e517f67a31,11.73,0.08,60.0
Dotyk.Application.News,2018-02-12T11:44:36.177268Z,2018-02-12T11:44:46.476Z,d0884b5a-60ce-4cbd-a001-fd432c96738d,11.73,0.17,60.0
Dotyk.Application.News,2018-02-12T11:44:47.3274384Z,2018-02-12T11:45:00.883Z,f86aef28-cd62-46f5-b27c-c55708fa1887,11.73,0.23,60.0
Dotyk.Application.News,2018-02-12T11:45:01.7699763Z,2018-02-12T11:45:12.718Z,0cf41c51-0c92-4cfb-8b99-057f41ccef5f,11.75,0.18,60.0
Dotyk.Application.News,2018-02-12T11:45:13.5721571Z,2018-02-12T11:45:20.403Z,0b59967e-7b8c-47b4-b029-16cea5f6882a,11.75,0.11,60.0
Dotyk.Application.News,2018-02-12T11:45:21.2749767Z,2018-02-12T11:45:32.039Z,1bb4782d-8f15-43f5-a068-31170996ff2a,11.75,0.18,60.0
Dotyk.Application.News,2018-02-12T11:45:32.9162672Z,2018-02-12T11:45:37.07Z,87824c9b-2261-4a93-8100-558ad04ad303,11.75,0.07,60.0
Dotyk.Application.News,2018-02-12T11:45:37.9583649Z,2018-02-12T11:45:46.38Z,7a9db709-1ac4-4670-8300-b68e740750db,11.75,0.14,60.0
Dotyk.Application.News,2018-02-12T11:45:47.2415408Z,2018-02-12T11:45:50.573Z,a1bd0e28-e704-4fd1-8acb-b0d9b61a415d,11.75,0.06,60.0
Dotyk.Application.News,2018-02-12T11:45:51.4960796Z,2018-02-12T11:45:56.8Z,1b1fff45-d19c-49a6-9ba3-5ee6a9c4a71f,11.75,0.09,60.0
Dotyk.Application.News,2018-02-12T11:45:57.7137347Z,2018-02-12T11:46:04.054Z,2bf36a10-a6eb-434f-98f2-d71817d19928,11.75,0.11,60.0
Dotyk.Application.News,2018-02-12T11:46:04.9142064Z,2018-02-12T11:46:08.046Z,7ad2103a-2d89-4456-ab7a-1f6705838962,11.77,0.05,60.0
Dotyk.Application.News,2018-02-12T11:46:08.8995303Z,2018-02-12T11:46:15.772Z,8019df31-163d-4349-9b4f-d70415bf2e28,11.77,0.11,60.0
Dotyk.Application.News,2018-02-12T11:46:16.6450079Z,2018-02-12T11:46:23.979Z,a4b1e3e3-6e7a-4885-b64d-3a54555efe8a,11.77,0.12,60.0
Dotyk.Application.News,2018-02-12T11:46:24.8490246Z,2018-02-12T11:46:30.005Z,ebf80b90-abf6-4787-bbea-9513637d2210,11.77,0.09,60.0
Dotyk.Application.News,2018-02-12T11:46:30.8575228Z,2018-02-12T11:46:39.474Z,6011c3de-4b6a-4f0c-a0c8-dc4cf6059364,11.77,0.14,60.0
Dotyk.Application.News,2018-02-12T11:46:40.3524095Z,2018-02-12T11:46:43.761Z,6bc9e57f-0f09-4a93-b748-aad323128e24,11.77,0.06,60.0
Dotyk.Application.News,2018-02-12T11:46:44.6799521Z,2018-02-12T11:46:49.108Z,abb1263c-03a5-4c7b-ba29-186b3c94ac94,11.77,0.07,60.0
Dotyk.Application.News,2018-02-12T11:46:49.9772798Z,2018-02-12T11:46:54.506Z,a6ee7f04-ef03-4621-b65b-d5485a254f9c,11.77,0.08,60.0
Dotyk.Application.News,2018-02-12T11:46:55.3975252Z,2018-02-12T11:47:10.42Z,d1841dad-1d7d-4cf9-abda-819bc4386163,11.77,0.25,60.0
Dotyk.Application.News,2018-02-12T11:47:11.282485Z,2018-02-12T11:47:15.091Z,8f22bcaf-c381-43f2-a171-fb665b687849,11.78,0.06,60.0
Dotyk.Application.News,2018-02-12T11:47:15.915194Z,2018-02-12T11:47:19.88Z,fd0e617b-9fa3-44d1-8de4-9e5a903f325d,11.78,0.07,60.0
Dotyk.Application.News,2018-02-12T11:47:20.7815324Z,2018-02-12T11:47:24.477Z,6ede5f9d-772f-4dae-b90c-f82fef9dc71a,11.78,0.06,60.0
Dotyk.Application.News,2018-02-12T11:47:25.3181754Z,2018-02-12T11:47:28.168Z,182f62a9-56ab-4a07-8774-484dcc2f53fb,11.78,0.05,60.0
Dotyk.Application.News,2018-02-12T11:47:29.0309995Z,2018-02-12T11:47:35.511Z,9aa8038c-08ab-4abd-85bc-78bbc87c1078,11.78,0.11,60.0
Dotyk.Application.News,2018-02-12T11:47:36.4041874Z,2018-02-12T11:47:42.494Z,3393bf10-46c7-4e87-abb6-0b58ab49fe9e,11.78,0.1,60.0
Dotyk.Application.News,2018-02-12T11:47:43.3713994Z,2018-02-12T11:47:51.096Z,5039d581-d727-4eff-a1b2-defad678c7b4,11.78,0.13,60.0
Dotyk.Application.News,2018-02-12T11:47:51.9763804Z,2018-02-12T11:47:53.263Z,aa7a4cd6-384c-467b-b43e-11397d5ea575,11.78,0.02,60.0
Dotyk.Application.News,2018-02-12T11:47:54.1103106Z,2018-02-12T11:47:57.981Z,cc5f88bc-d171-420e-aeba-7c67d57aba02,11.78,0.06,60.0
Dotyk.Application.News,2018-02-12T11:47:58.8712591Z,2018-02-12T11:48:02.83Z,14725ccf-11c4-486d-9ddd-f9a1347e7e99,11.78,0.07,60.0
Dotyk.Application.News,2018-02-12T11:48:03.708791Z,2018-02-12T11:48:08.545Z,1dd89e11-c7a5-4362-8833-635889c815d3,11.8,0.08,60.0
Dotyk.Application.News,2018-02-12T11:48:09.425465Z,2018-02-12T11:48:14.179Z,a516bd0c-78f5-47a9-b6ad-b5875c17b621,11.8,0.08,60.0
Dotyk.Application.News,2018-02-12T11:48:15.064885Z,2018-02-12T11:48:22.535Z,43bc5704-c147-40d8-900a-f74a85d43c0c,11.8,0.12,60.0
Dotyk.Application.News,2018-02-12T11:48:23.4173167Z,2018-02-12T11:48:27.469Z,5a929d3a-1aa0-499c-a9b9-6fdd83b487d8,11.8,0.07,60.0
Dotyk.Application.News,2018-02-12T11:48:28.3586019Z,2018-02-12T11:48:34.944Z,09c1f258-2506-48f6-a75a-0d30a6870ce4,11.8,0.11,60.0
Dotyk.Application.News,2018-02-12T11:48:35.8837871Z,2018-02-12T11:48:39.237Z,d4727e4b-89c3-4317-ab82-d882da8b8aff,11.8,0.06,60.0
Dotyk.Application.News,2018-02-12T11:48:40.1417059Z,2018-02-12T11:48:43.129Z,f8b1ac9d-c840-4f83-962e-fa8d7d65ef2d,11.8,0.05,60.0
Dotyk.Application.News,2018-02-12T11:48:44.0478192Z,2018-02-12T11:48:47.689Z,83781d76-7bec-4e02-8cd0-6c54c64bdea1,11.8,0.06,60.0
Dotyk.Application.News,2018-02-12T11:48:48.574449Z,2018-02-12T11:49:02.43Z,79681fdd-ac36-42dc-87ed-c8a7495490fe,11.8,0.23,60.0
Dotyk.Application.News,2018-02-12T11:49:03.3469598Z,2018-02-12T11:49:11.364Z,961e52d5-cccb-4f64-82cf-bdcb6128ccfe,11.82,0.13,60.0
Dotyk.Application.News,2018-02-12T11:49:12.2504809Z,2018-02-12T11:49:16.238Z,396a9740-9c8d-434f-9fc3-990788203fbf,11.82,0.07,60.0
Dotyk.Application.News,2018-02-12T11:49:18.0954834Z,2018-02-12T11:49:21.203Z,1de84440-7315-4ce8-ac18-14fb4bce181a,11.82,0.05,60.0
Dotyk.Application.News,2018-02-12T11:49:23.1218379Z,2018-02-12T11:49:26.38Z,5b5221e9-7860-4fff-89ef-db4a491c7ccd,11.82,0.05,60.0
Dotyk.Application.News,2018-02-12T11:49:27.2508592Z,2018-02-12T11:49:33.597Z,b7c061f5-2b7f-43a0-8f0f-733df90db55a,11.82,0.11,60.0
Dotyk.Application.News,2018-02-12T11:49:34.5623256Z,2018-02-12T11:49:37.27Z,32a15282-88a3-4a45-8c81-a4b4225a7c07,11.82,0.05,60.0
Dotyk.Application.News,2018-02-12T11:49:38.1678568Z,2018-02-12T11:49:50.243Z,b76db794-59b2-4782-b139-65affbb5ffde,11.82,0.2,60.0
Dotyk.Application.News,2018-02-12T11:49:51.1160624Z,2018-02-12T11:49:54.373Z,127f318c-ba29-427a-8d14-c7193410dfa8,11.82,0.05,60.0
Dotyk.Application.News,2018-02-12T11:49:55.2376802Z,2018-02-12T11:50:05.444Z,59ba6f6c-5460-4356-ad0c-c57666b75308,11.82,0.17,60.0
Dotyk.Application.News,2018-02-12T11:50:06.3294384Z,2018-02-12T11:50:10.304Z,322bfc25-9410-4045-a916-92950a17d2a2,11.83,0.07,60.0
Dotyk.Application.News,2018-02-12T11:50:11.2061486Z,2018-02-12T11:50:14.695Z,678fbc11-a908-4804-926b-a812323a0daf,11.83,0.06,60.0
Dotyk.Application.News,2018-02-12T11:50:15.6118771Z,2018-02-12T11:50:19.384Z,c7570961-4e22-4e2a-8846-736cc52dc24f,11.83,0.06,60.0
Dotyk.Application.News,2018-02-12T11:50:20.271287Z,2018-02-12T11:50:24.136Z,eab64eb7-17bc-4bc6-a6f7-53fbc91f048e,11.83,0.06,60.0
Dotyk.Application.News,2018-02-12T11:50:26.0280401Z,2018-02-12T11:50:28.534Z,05babfa2-c691-4078-a946-7823cb7a6de7,11.83,0.04,60.0
Dotyk.Application.News,2018-02-12T11:50:29.428153Z,2018-02-12T11:50:36.687Z,7f4af4f5-a5a8-43d4-accf-37d058f31113,11.83,0.12,60.0
Dotyk.Application.News,2018-02-12T11:50:37.6139464Z,2018-02-12T11:50:39.937Z,daf402ce-d642-4f6c-9d6a-02150af97bc6,11.83,0.04,60.0
Dotyk.Application.News,2018-02-12T11:50:40.8374908Z,2018-02-12T11:50:44.372Z,a07b7d4d-2b5c-485c-94b2-8accb1782bdb,11.83,0.06,60.0
Dotyk.Application.News,2018-02-12T11:50:46.2618934Z,2018-02-12T11:50:52.119Z,bf321613-84b3-48b7-afae-5ebeda5554bb,11.83,0.1,60.0
Dotyk.Application.News,2018-02-12T11:50:53.0207102Z,2018-02-12T11:50:58.173Z,b0a7954d-5034-46aa-8112-b32ec3a6ee57,11.83,0.09,60.0
Dotyk.Application.News,2018-02-12T11:50:59.0926058Z,2018-02-12T11:51:01.88Z,946651c0-df56-42bf-949e-1dbb2e3c2bec,11.83,0.05,60.0
Dotyk.Application.News,2018-02-12T11:51:02.7287382Z,2018-02-12T11:51:09.957Z,875941a6-38fc-4985-80a2-e621518c130e,11.85,0.12,60.0
Dotyk.Application.News,2018-02-12T11:51:10.8387447Z,2018-02-12T11:51:15.285Z,23ce8913-ced5-4d15-80eb-26d1dc32196a,11.85,0.07,60.0
Dotyk.Application.News,2018-02-12T11:51:16.1723641Z,2018-02-12T11:51:19.962Z,99e5c139-cd59-47d2-a28b-9fd4f8f200d0,11.85,0.06,60.0
Dotyk.Application.News,2018-02-12T11:51:20.8329728Z,2018-02-12T11:51:24.627Z,8c608374-47fd-4b78-98ef-a84e38bce4b4,11.85,0.06,60.0
Dotyk.Application.News,2018-02-12T11:51:25.5213309Z,2018-02-12T11:51:28.764Z,857ee008-184c-4487-93f0-181534505e17,11.85,0.05,60.0
Dotyk.Application.News,2018-02-12T11:51:29.6813679Z,2018-02-12T11:51:34.558Z,e8a3a80b-8431-4fb0-9117-9a1f2ea59c51,11.85,0.08,60.0
Dotyk.Application.News,2018-02-12T11:51:36.4605836Z,2018-02-12T11:51:38.926Z,5b108ec0-5a4d-40b9-830c-5a038668f313,11.85,0.04,60.0
Dotyk.Application.News,2018-02-12T11:51:39.7954063Z,2018-02-12T11:51:48.01Z,3234c2f2-2ae8-4e6e-9b41-a951911b9bd4,11.85,0.14,60.0
Dotyk.Application.News,2018-02-12T11:51:48.8953197Z,2018-02-12T11:51:52.409Z,891d4938-f933-467d-b566-1f92250b13f2,11.85,0.06,60.0
Dotyk.Application.News,2018-02-12T11:51:53.2953828Z,2018-02-12T11:51:59.082Z,5b32afe8-295b-4299-aeaa-5f414e37cb0f,11.85,0.1,60.0
Dotyk.Application.News,2018-02-12T11:52:00.9608016Z,2018-02-12T11:52:03.731Z,9a15c6fd-2788-43a8-8798-c24b6332b0b1,11.87,0.05,60.0
Dotyk.Application.News,2018-02-12T11:52:04.5869762Z,2018-02-12T11:52:06.907Z,58312884-81b3-4ca1-8217-fa5ba479655f,11.87,0.04,60.0
Dotyk.Application.News,2018-02-12T11:52:07.839495Z,2018-02-12T11:52:11.612Z,ffe584b5-7581-4bd7-a13f-ab67b7adf81a,11.87,0.06,60.0
Dotyk.Application.News,2018-02-12T11:52:15.1064643Z,2018-02-12T11:52:17.993Z,b3ea5ca7-aa94-4fdb-b9fc-4f62a35b6fe8,11.87,0.05,60.0
Dotyk.Application.News,2018-02-12T11:52:18.8597015Z,2018-02-12T11:52:22.001Z,2d6e1dc7-de73-44be-a271-ad6b191dbf1d,11.87,0.05,60.0
Dotyk.Application.News,2018-02-12T11:52:22.8783064Z,2018-02-12T11:52:25.911Z,607e21b6-557c-404b-b3f6-143a597556f7,11.87,0.05,60.0
Dotyk.Application.News,2018-02-12T11:52:26.7765853Z,2018-02-12T11:52:32.375Z,2cd0264b-24ce-4854-a053-a3a1b34705ff,11.87,0.09,60.0
Dotyk.Application.News,2018-02-12T11:52:33.2455984Z,2018-02-12T11:52:41.913Z,4f4592ff-d15f-4433-ac88-b0ef9ad284e2,11.87,0.14,60.0
Dotyk.Application.News,2018-02-12T11:52:42.7836151Z,2018-02-12T11:52:46.628Z,402a93f6-3fe4-4a7a-8b4e-bf40d7cd44af,11.87,0.06,60.0
Dotyk.Application.News,2018-02-12T11:52:47.4981615Z,2018-02-12T11:52:56.415Z,8e8af9d2-abe1-4db2-a48e-10ded6b77507,11.87,0.15,60.0
Dotyk.Application.News,2018-02-12T11:53:02.7655444Z,2018-02-12T11:53:07.627Z,feca752a-8781-4e4c-90d1-249819f5c621,11.88,0.08,60.0
Dotyk.Application.News,2018-02-12T11:53:08.5206218Z,2018-02-12T11:53:15.799Z,9d3a30a7-b9a4-4e1f-8d90-eec96a592242,11.88,0.12,60.0
Dotyk.Application.News,2018-02-12T11:53:16.6629142Z,2018-02-12T11:53:26.633Z,f3b5f468-577d-476c-8d1d-b8c3df19a5ad,11.88,0.17,60.0
Dotyk.Application.News,2018-02-12T11:53:27.5366448Z,2018-02-12T11:53:30.066Z,a9135fc6-d2f2-438e-9fb8-c046f80db948,11.88,0.04,60.0
Dotyk.Application.News,2018-02-12T11:53:30.9315801Z,2018-02-12T11:53:32.433Z,791aae39-a853-4d84-b996-96c1858d719f,11.88,0.03,60.0
Dotyk.Application.News,2018-02-12T11:53:33.3336481Z,2018-02-12T11:53:36.682Z,6789afd8-de39-4d2a-b8b7-d5fa55f1cdf3,11.88,0.06,60.0
Dotyk.Application.News,2018-02-12T11:53:37.5475223Z,2018-02-12T11:53:43.298Z,69976d14-7749-4202-9777-8118e90c8aab,11.88,0.1,60.0
Dotyk.Application.News,2018-02-12T11:53:44.1645061Z,2018-02-12T11:53:49.847Z,a6bdb206-17d6-4d6b-8a48-c78f186badf8,11.88,0.09,60.0
Dotyk.Application.News,2018-02-12T11:54:03.9605698Z,2018-02-12T11:54:07.901Z,bf4b7bab-6821-40cf-a4e3-1b9891250bdc,11.9,0.07,60.0
Dotyk.Application.News,2018-02-12T11:54:08.771738Z,2018-02-12T11:54:14.5Z,fd80c6da-fa2e-472e-9bd3-283f93dd0174,11.9,0.1,60.0
Dotyk.Application.News,2018-02-12T11:54:15.3993184Z,2018-02-12T11:54:20.15Z,5d624dbe-e270-4db3-9aef-5ea4851b60dc,11.9,0.08,60.0
Dotyk.Application.News,2018-02-12T11:54:21.0012778Z,2018-02-12T11:54:25.33Z,90983ad2-4c04-4097-8a6a-31fd9f553ec5,11.9,0.07,60.0
Dotyk.Application.News,2018-02-12T11:54:26.215686Z,2018-02-12T11:54:29.35Z,326e94c6-26b4-46c2-b8ee-a1ef40d8b7ad,11.9,0.05,60.0
Dotyk.Application.News,2018-02-12T11:54:30.2692909Z,2018-02-12T11:54:34.421Z,87625287-d4b0-4886-a9ef-5fe5b96cc04b,11.9,0.07,60.0
Dotyk.Application.News,2018-02-12T11:55:59.8614419Z,2018-02-12T11:59:13.333Z,14c0f6b2-864d-4750-a72e-ca61e612f36f,11.92,3.22,60.0
Dotyk.Application.News,2018-02-12T13:00:16.8122687Z,2018-02-12T13:00:20.892Z,cb96db4c-5215-415c-bafc-6ef7a2c9abf4,13.0,0.07,105.0
Dotyk.Application.News,2018-02-12T13:21:29.4081405Z,2018-02-12T13:22:15.266Z,849eaf63-18dd-4482-b0c7-3b37ffdf6c27,13.35,0.76,111.0
Dotyk.Application.News,2018-02-12T13:36:33.4013656Z,2018-02-12T13:36:35.291Z,87fbce89-470e-4233-a4f4-c7bd40a93e62,13.6,0.03,65.0
Dotyk.Application.News,2018-02-12T13:54:34.171219Z,2018-02-12T13:56:54.121Z,496e7ffc-9b93-46ae-9798-fd360bfe8de2,13.9,2.33,19.0
Dotyk.Application.News,2018-02-12T13:59:08.5594266Z,2018-02-12T13:59:50.86Z,9c92616f-b0b0-498c-9151-99314a8bcc50,13.98,0.71,65.0
Dotyk.Application.News,2018-02-12T15:12:09.8982454Z,2018-02-12T15:12:44.703Z,9dbddf90-9de3-4948-b732-0a061939a005,15.2,0.58,60.0
Dotyk.Application.News,2018-02-12T15:55:22.6193769Z,2018-02-12T15:56:17.109Z,f3b74d5f-f283-4048-8e78-3781896db20f,15.92,0.91,165.0
Dotyk.Application.News,2018-02-12T16:47:37.1964457Z,2018-02-12T16:49:51.522Z,581dc94a-2a4f-41b0-bbf5-27f1e895eb67,16.78,2.24,25.0
Dotyk.Application.News,2018-02-12T16:56:18.9166398Z,2018-02-12T16:56:38.86Z,d83dd529-3810-4f2d-973f-0f40146bc558,16.93,0.33,20.0
Dotyk.Application.News,2018-02-12T16:57:43.8999621Z,2018-02-12T16:58:16.69Z,b70bbead-eb8c-4a81-b330-fa24dd6db7c3,16.95,0.55,72.0
Dotyk.Application.News,2018-02-12T17:19:29.716241Z,2018-02-12T17:20:17.529Z,5d707bf2-e554-4d3e-a4ee-9ee4eec3e388,17.32,0.8,60.0
Dotyk.Application.News,2018-02-12T17:21:47.8051997Z,2018-02-12T17:22:23.537Z,bf406c84-d795-437c-9b35-2500f69421d5,17.35,0.6,60.0
Dotyk.Application.News,2018-02-12T18:04:43.3188708Z,2018-02-12T18:34:56.466Z,5d696db9-8af5-41e9-8136-447a9bac299c,18.07,30.22,22.0
Dotyk.Application.News,2018-02-12T18:16:34.8465443Z,2018-02-12T18:31:25.05Z,ac0431a0-8940-4e10-984b-ce4186230fd4,18.27,14.84,105.0
Dotyk.Application.News,2018-02-12T19:13:39.8106794Z,2018-02-12T19:13:58.471Z,b2b4635c-2992-41d5-a12f-16eea06fd4fd,19.22,0.31,129.0
Dotyk.Application.News,2018-02-12T19:53:44.3676477Z,2018-02-12T19:54:03.982Z,b3c5930f-89e2-4611-9a1a-05b9e7b96688,19.88,0.33,65.0
Dotyk.Application.News,2018-02-12T19:59:28.6019122Z,2018-02-12T20:02:21.847Z,b7287a1c-8662-482a-9193-2457263f1fbc,19.98,2.89,115.0
Dotyk.Application.News,2018-02-13T13:02:00.28087Z,2018-02-13T13:02:30.777Z,d967bba3-88c1-4000-8e09-efbd6647d7a2,13.03,0.51,38.0
Dotyk.Application.News,2018-02-13T13:12:48.4347795Z,2018-02-13T13:13:10.651Z,c50c4480-3806-4f7c-929d-8f14c0901796,13.2,0.37,105.0
Dotyk.Application.News,2018-02-13T14:04:33.668538Z,2018-02-13T14:05:15.515Z,1a984b43-6123-4fb9-99aa-e0aa042ca26b,14.07,0.7,35.0
Dotyk.Application.News,2018-02-13T16:27:31.8849237Z,2018-02-13T16:28:03.821Z,3223e6ff-3488-489b-9f91-4493c52f6d36,16.45,0.53,165.0
Dotyk.Application.News,2018-02-13T16:47:28.9392597Z,2018-02-13T16:47:49.053Z,0c220744-097c-48dd-ab2a-ab991db1392f,16.78,0.34,105.0
Dotyk.Application.News,2018-02-13T17:38:13.0371217Z,2018-02-13T17:38:42.499Z,02b97935-39d0-4869-a634-b99039bad616,17.63,0.49,37.0
Dotyk.Application.News,2018-02-13T17:52:12.4540999Z,2018-02-13T17:52:31.478Z,83ea98fb-6f2e-4e58-911a-392154edada8,17.87,0.32,72.0
Dotyk.Application.News,2018-02-13T17:58:21.4493889Z,2018-02-13T17:59:01.633Z,1e8e4821-19c4-48a4-86b4-26037c366b14,17.97,0.67,33.0
Dotyk.Application.News,2018-02-13T22:08:56.4932555Z,2018-02-13T22:10:13.472Z,fcf632f5-dbf7-40d0-ab4f-daea56c8ebdf,22.13,1.28,175.0
Dotyk.Application.News,2018-02-13T22:11:47.7658563Z,2018-02-13T22:14:25.092Z,ac086d6e-249d-4f62-ab45-4097d158f482,22.18,2.62,52.0
Dotyk.Application.News,2018-02-14T09:03:58.0083521Z,2018-02-14T09:04:16.494Z,a523f6b1-9cb0-4ab1-ae8d-ebfe338978ab,9.05,0.31,65.0
Dotyk.Application.News,2018-02-14T09:04:35.8961374Z,2018-02-14T09:05:04.704Z,17632090-6a4c-4314-a420-382f40570cd8,9.07,0.48,60.0
Dotyk.Application.News,2018-02-14T09:19:22.0173143Z,2018-02-14T09:20:46.722Z,a3fd7555-f5d5-424b-9b43-12b916b5b806,9.32,1.41,65.0
Dotyk.Application.News,2018-02-14T09:28:08.0643847Z,2018-02-14T09:29:20.911Z,7b364691-f41e-4a77-8064-cbaea10c4cd8,9.47,1.21,165.0
Dotyk.Application.News,2018-02-14T12:09:32.1664765Z,2018-02-14T12:09:40.479Z,c171f5ea-1bed-4bde-8177-af528506de13,12.15,0.14,68.0
Dotyk.Application.News,2018-02-14T12:48:21.1950684Z,2018-02-14T12:48:35.644Z,d4f4f0df-e493-4748-9d62-9d8b13e0d0d1,12.8,0.24,129.0
Dotyk.Application.News,2018-02-14T13:18:06.5356044Z,2018-02-14T13:18:28.901Z,46779ae3-e97a-4072-a426-76bcb2e5c400,13.3,0.37,30.0
Dotyk.Application.News,2018-02-14T13:34:25.389572Z,2018-02-14T13:37:31.708Z,671e72bc-35f7-44a2-bcef-ebab55ac640e,13.57,3.11,92.0
Dotyk.Application.News,2018-02-14T13:46:39.4416667Z,2018-02-14T13:46:54.573Z,a224000b-a57d-40ad-82be-105b4a1f3b3d,13.77,0.25,58.0
Dotyk.Application.News,2018-02-14T13:47:02.3311155Z,2018-02-14T14:13:14.333Z,a70c526f-869d-4697-82e9-12732d94eea2,13.78,26.2,109.0
Dotyk.Application.News,2018-02-14T14:01:25.8405707Z,2018-02-14T14:01:46.205Z,189433d3-e3fc-43c8-bfa8-2d6f78d5d6a6,14.02,0.34,132.0
Dotyk.Application.News,2018-02-14T14:14:07.0419533Z,2018-02-14T14:14:34.361Z,1774e275-cbea-432b-a717-e14581fb642e,14.23,0.46,195.0
Dotyk.Application.News,2018-02-14T14:30:56.3980558Z,2018-02-14T14:35:42.408Z,75264a50-37b9-42cf-8bef-16059e44a23e,14.5,4.77,195.0
Dotyk.Application.News,2018-02-14T14:33:01.9358698Z,2018-02-14T14:33:56.298Z,65669efb-374f-45c8-bbc9-016fff579ef6,14.55,0.91,155.0
Dotyk.Application.News,2018-02-14T14:38:03.4812703Z,2018-02-14T14:38:23.071Z,ec954140-0dfa-4b8d-8ff3-ff95e90b6e3b,14.63,0.33,25.0
Dotyk.Application.News,2018-02-14T15:06:50.7571284Z,2018-02-14T15:07:17.146Z,9733dc7f-13fa-4d84-b10f-71489d1afd58,15.1,0.44,185.0
Dotyk.Application.News,2018-02-14T15:08:12.3903335Z,2018-02-14T15:09:19.65Z,11d65b10-457c-426b-8c19-d11e3842d013,15.13,1.12,109.0
Dotyk.Application.News,2018-02-14T15:52:50.9913699Z,2018-02-14T15:54:15.62Z,9216ce81-af31-4065-983a-62e4747871f2,15.87,1.41,68.0
Dotyk.Application.News,2018-02-14T16:14:56.6153314Z,2018-02-14T16:15:22.749Z,758b2799-8892-47a4-aad9-713b05739180,16.23,0.44,58.0
Dotyk.Application.News,2018-02-14T16:22:12.0398496Z,2018-02-14T16:22:33.588Z,a7c5134f-5593-4eb1-b0b9-aed022d54c0a,16.37,0.36,58.0
Dotyk.Application.News,2018-02-14T16:25:07.9055632Z,2018-02-14T16:25:09.566Z,4ab61192-d591-4905-9b45-23c474e6d1e4,16.42,0.03,109.0
Dotyk.Application.News,2018-02-14T16:52:51.5900143Z,2018-02-14T16:52:58.75Z,606a3ab0-aece-4a9d-897f-3bdd78006e3a,16.87,0.12,58.0
Dotyk.Application.News,2018-02-14T17:12:16.9260321Z,2018-02-14T17:12:46.75Z,ed0d2556-108b-483b-a80b-216d31cd1089,17.2,0.5,155.0
Dotyk.Application.News,2018-02-14T17:18:47.3989993Z,2018-02-14T17:19:26.269Z,e75c4e71-0dd4-445a-bf29-bd7e83f4ffc6,17.3,0.65,36.0
Dotyk.Application.News,2018-02-14T17:37:56.0083873Z,2018-02-14T17:38:28.712Z,54970999-b53c-437e-9461-4cf36e228b9e,17.62,0.55,58.0
Dotyk.Application.News,2018-02-14T17:38:43.8407353Z,2018-02-14T17:38:54.651Z,4fb2ee8d-5f48-4735-a178-39c9cb18c292,17.63,0.18,58.0
Dotyk.Application.News,2018-02-14T17:40:58.5909973Z,2018-02-14T17:41:39.778Z,fa789dfb-7997-4762-87a6-0fcc99626e41,17.67,0.69,42.0
Dotyk.Application.News,2018-02-14T17:59:29.6888889Z,2018-02-14T17:59:55.571Z,db4f9f4d-4065-47d2-b558-7043ae435807,17.98,0.43,89.0
Dotyk.Application.News,2018-02-14T18:08:49.2710352Z,2018-02-14T18:16:44.434Z,6a650f28-5320-47e4-8255-3705c541d766,18.13,7.92,145.0
Dotyk.Application.News,2018-02-14T18:59:45.3438044Z,2018-02-14T19:02:24.346Z,63c3e08a-6481-43d9-8b87-a57305d98f00,18.98,2.65,89.0
Dotyk.Application.News,2018-02-14T19:15:41.2911025Z,2018-02-14T19:15:53.661Z,457ffc22-d713-4b82-af0d-acf3791279b8,19.25,0.21,92.0
Dotyk.Application.News,2018-02-14T19:23:51.6397159Z,2018-02-14T19:24:32.445Z,fc6d5a1c-4828-40bb-9e1f-2180f7be8929,19.38,0.68,155.0
Dotyk.Application.News,2018-02-14T19:45:13.7623416Z,2018-02-14T19:45:27.538Z,2f0cb503-cae7-42d6-93e9-495a49daa092,19.75,0.23,92.0
Dotyk.Application.News,2018-02-14T19:45:16.1723042Z,2018-02-14T19:45:45.783Z,9fca36bb-d43b-41e6-ba71-16cf513a0619,19.75,0.49,165.0
Dotyk.Application.News,2018-02-14T20:22:02.4824413Z,2018-02-14T20:22:45.787Z,d3c6b606-3c8a-4a52-8d8f-495da3b06ab7,20.37,0.72,52.0
Dotyk.Application.News,2018-02-14T20:24:17.7897663Z,2018-02-14T20:25:50.175Z,3dc6d524-2b18-46ae-b5d2-2d3a8c732245,20.4,1.54,132.0
Dotyk.Application.News,2018-02-14T20:41:05.9298787Z,2018-02-14T20:49:32.222Z,01bf1b96-455e-48c9-a7d6-3476d19a7ce5,20.68,8.44,154.0
Dotyk.Application.News,2018-02-14T20:48:52.4970061Z,2018-02-14T20:48:54.955Z,7ca0b2e6-2f5e-4292-8a2f-e314a53f6a72,20.8,0.04,132.0
Dotyk.Application.News,2018-02-14T20:49:04.5814483Z,2018-02-14T20:49:09.884Z,faf7581a-557c-4f88-9dca-d58e9658366e,20.82,0.09,132.0
Dotyk.Application.News,2018-02-15T10:42:31.9253378Z,2018-02-15T10:42:57.837Z,78c47dea-5719-496f-a8ed-a311b4f4b1aa,10.7,0.43,40.0
Dotyk.Application.News,2018-02-15T12:20:39.0031029Z,2018-02-15T12:20:50.768Z,583e87b2-5e26-4356-84ca-797fdc9350ee,12.33,0.2,72.0
Dotyk.Application.News,2018-02-15T12:42:51.2026244Z,2018-02-15T12:42:57.032Z,7879fdc6-0791-4adf-9c0e-a5182beeb830,12.7,0.1,40.0
Dotyk.Application.News,2018-02-15T13:48:54.7413216Z,2018-02-15T13:49:54.016Z,c956e559-8013-4609-b2c0-6fda43c41c30,13.8,0.99,30.0
Dotyk.Application.News,2018-02-15T13:48:56.4053882Z,2018-02-15T13:49:17.574Z,96eb8645-7255-4039-a800-981879077cde,13.8,0.35,35.0
Dotyk.Application.News,2018-02-15T15:07:38.2174643Z,2018-02-15T15:07:45.56Z,08d900be-532d-4de9-87a5-43bc7e915cb3,15.12,0.12,25.0
Dotyk.Application.News,2018-02-15T15:40:26.8631892Z,2018-02-15T15:40:32.079Z,b712793e-23c9-4e95-a4fa-6616cad0c219,15.67,0.09,132.0
Dotyk.Application.News,2018-02-15T16:26:25.5440174Z,2018-02-15T16:36:53.821Z,ad779445-cd07-4c51-8366-78509514747f,16.43,10.47,165.0
Dotyk.Application.News,2018-02-15T17:07:13.1400171Z,2018-02-15T17:07:30.136Z,2c8ced45-6c04-424d-bb0f-7ff143a59a0b,17.12,0.28,89.0
Dotyk.Application.News,2018-02-15T18:32:55.954053Z,2018-02-15T18:34:02.205Z,9eaae2ce-6498-4b31-933b-75b0d8993a6e,18.53,1.1,37.0
Dotyk.Application.News,2018-02-15T18:53:46.1195024Z,2018-02-15T18:54:42.268Z,4d7c82fe-8b94-447a-a1d0-fcfa8f43d49c,18.88,0.94,129.0
Dotyk.Application.News,2018-02-15T18:54:14.6682948Z,2018-02-15T18:54:36.331Z,2311733b-c7fa-4748-9572-094823ea1cc6,18.9,0.36,37.0
Dotyk.Application.News,2018-02-15T18:57:22.1449654Z,2018-02-15T18:57:54.638Z,d597663d-e96d-49a9-b334-318e4055f900,18.95,0.54,155.0
Dotyk.Application.News,2018-02-15T18:59:11.7420795Z,2018-02-15T18:59:33.63Z,1a3d0c96-08be-4f08-83ad-3d4c18968d00,18.98,0.36,72.0
Dotyk.Application.News,2018-02-15T19:04:30.8231883Z,2018-02-15T19:05:32.034Z,68ce3b53-78d7-4e72-b2c6-59dea5adaedc,19.07,1.02,19.0
Dotyk.Application.News,2018-02-15T19:20:11.0208094Z,2018-02-15T19:20:54.196Z,c9a5b366-ece7-4188-a963-325997d146de,19.33,0.72,75.0
Dotyk.Application.News,2018-02-16T09:42:09.022555Z,2018-02-16T09:42:18.237Z,f557961c-1137-411e-ac00-2374a5401764,9.7,0.15,38.0
Dotyk.Application.News,2018-02-16T11:56:17.9685925Z,2018-02-16T11:56:49.199Z,abdcf690-c15c-4461-8fd6-732908012501,11.93,0.52,70.0
Dotyk.Application.News,2018-02-16T13:36:51.6814884Z,2018-02-16T13:39:01.23Z,9a9182f1-1725-4f31-a38a-d41902f0a633,13.6,2.16,52.0
Dotyk.Application.News,2018-02-16T13:39:34.8347176Z,2018-02-16T13:39:47.349Z,0b62d851-d16e-49ef-9194-5113790d8a67,13.65,0.21,52.0
Dotyk.Application.News,2018-02-16T13:59:02.7245264Z,2018-02-16T13:59:06.44Z,d1e47c26-d88b-4938-990a-7672e49db567,13.98,0.06,165.0
Dotyk.Application.News,2018-02-16T14:28:48.5316653Z,2018-02-16T14:29:50.421Z,07b3f41e-9aba-46fb-aa91-c86b3db7bf68,14.47,1.03,92.0
Dotyk.Application.News,2018-02-16T15:30:01.9572613Z,2018-02-16T15:30:14.519Z,0d31808c-40b6-4ff9-996a-3bd4a88fc67d,15.5,0.21,70.0
Dotyk.Application.News,2018-02-16T16:31:13.3047886Z,2018-02-16T16:32:31.728Z,b96c3c6d-bbeb-4252-95f6-bcc99fc47031,16.52,1.31,165.0
Dotyk.Application.News,2018-02-16T16:42:18.6097656Z,2018-02-16T16:42:44.723Z,96891358-89b2-4f51-80a2-15fe884adb10,16.7,0.44,38.0
Dotyk.Application.News,2018-02-16T16:47:52.0424829Z,2018-02-16T16:48:12.403Z,8234cdd1-097e-4294-bd1b-e4fc11c44634,16.78,0.34,37.0
Dotyk.Application.News,2018-02-16T16:47:59.881242Z,2018-02-16T16:49:04.484Z,f0bf0447-14ad-47e0-923b-896bb8eff4a6,16.78,1.08,52.0
Dotyk.Application.News,2018-02-16T16:49:06.0633177Z,2018-02-16T16:49:08.08Z,ad2c584a-9c02-465c-9a2e-3e0e1d65d06b,16.82,0.03,37.0
Dotyk.Application.News,2018-02-16T16:54:21.8064284Z,2018-02-16T16:54:45.782Z,cb7c30d7-e960-4baf-8f89-56fe12eedf7c,16.9,0.4,38.0
Dotyk.Application.News,2018-02-16T17:03:30.7581175Z,2018-02-16T17:04:48.675Z,2f5c5918-32e6-424a-a1c3-939c3b26af68,17.05,1.3,39.0
Dotyk.Application.News,2018-02-16T17:03:44.1209138Z,2018-02-16T17:04:05.888Z,01f1b9e9-9ee7-4a14-b205-f2b8adcb7b48,17.05,0.36,142.0
Dotyk.Application.News,2018-02-16T17:31:52.1778757Z,2018-02-16T17:32:24.219Z,1cf2cb95-ed42-403d-95aa-9d11b554bcc1,17.52,0.53,25.0
Dotyk.Application.News,2018-02-16T17:37:43.5989426Z,2018-02-16T17:38:08.946Z,61babc1a-3ebd-409b-95fc-3afa2d3aee60,17.62,0.42,27.0
Dotyk.Application.News,2018-02-16T17:43:17.7019298Z,2018-02-16T17:43:54.454Z,d44c4419-0bc7-4a25-813c-251e84fb961b,17.72,0.61,89.0
Dotyk.Application.News,2018-02-16T17:46:42.019716Z,2018-02-16T17:47:02.755Z,340526ba-7eab-4d7c-8d23-6717dfd1731b,17.77,0.35,75.0
Dotyk.Application.News,2018-02-16T17:53:02.9869309Z,2018-02-16T17:53:21.872Z,6063a9d8-ddfc-4757-8edb-5f83a4c488e2,17.88,0.31,109.0
Dotyk.Application.News,2018-02-16T18:01:32.8883656Z,2018-02-16T18:01:35.021Z,c166a35c-c764-406c-b3d2-edde101fee34,18.02,0.04,52.0
Dotyk.Application.News,2018-02-16T18:06:36.6200523Z,2018-02-16T18:06:55.043Z,dc567413-b436-4f59-b142-672f7dd6d73e,18.1,0.31,38.0
Dotyk.Application.News,2018-02-16T18:15:16.2054737Z,2018-02-16T18:15:59.222Z,d299ba1a-a6fb-4388-b725-b04593ef1b81,18.25,0.72,175.0
Dotyk.Application.News,2018-02-16T18:27:47.2467352Z,2018-02-16T18:28:13.66Z,22d3f64b-8d6d-49dc-a8ea-d50a9433525b,18.45,0.44,25.0
Dotyk.Application.News,2018-02-16T19:05:57.484114Z,2018-02-16T19:09:18.958Z,f93b92aa-0a79-48f0-8da8-66406906a859,19.08,3.36,175.0
Dotyk.Application.News,2018-02-16T19:15:03.0411531Z,2018-02-16T19:15:21.352Z,933847b0-219e-4d4b-9712-661da6298f2c,19.25,0.31,52.0
Dotyk.Application.News,2018-02-16T21:26:17.1006912Z,2018-02-16T21:26:30.156Z,f977a69e-701a-4188-9875-35f90c98b595,21.43,0.22,38.0
Dotyk.Application.News,2018-02-17T10:30:49.3651438Z,2018-02-17T10:30:59.064Z,ddda8ae0-9be5-4df6-9ffd-71c8a9944549,10.5,0.16,185.0
Dotyk.Application.News,2018-02-17T10:31:10.1676028Z,2018-02-17T10:31:38.019Z,2601bd5c-f9ef-4293-903e-3fd78cfe6bd6,10.52,0.46,185.0
Dotyk.Application.News,2018-02-17T11:31:36.2804355Z,2018-02-17T11:31:39.966Z,f9df61e4-06d2-4ecb-893f-3288ef900c73,11.52,0.06,30.0
Dotyk.Application.News,2018-02-17T11:38:03.5741997Z,2018-02-17T11:44:43.788Z,8771307f-eb93-4093-b524-42d77fca1e8b,11.63,6.67,175.0
Dotyk.Application.News,2018-02-17T11:51:21.4561425Z,2018-02-17T11:59:41.418Z,0d5ad595-4bdc-445d-9df6-89f1457f47a7,11.85,8.33,30.0
Dotyk.Application.News,2018-02-17T12:29:53.2543985Z,2018-02-17T12:30:35.919Z,be6b1240-ab70-4e83-acd7-a0e6625fed5a,12.48,0.71,45.0
Dotyk.Application.News,2018-02-17T12:45:37.4513813Z,2018-02-17T12:46:34.592Z,861d88dd-67b0-49e4-ac36-036b78207104,12.75,0.95,25.0
Dotyk.Application.News,2018-02-17T12:50:47.5682649Z,2018-02-17T12:54:46.576Z,4e46e853-11ac-497c-bdc4-a5a906b6e975,12.83,3.98,45.0
Dotyk.Application.News,2018-02-17T12:52:25.6406808Z,2018-02-17T12:52:54.14Z,f275c34b-0899-4195-99c5-91a44e04951e,12.87,0.47,30.0
Dotyk.Application.News,2018-02-17T13:08:35.886512Z,2018-02-17T13:12:43.696Z,0bea4e60-fc08-437a-8aa9-89d84cf12f79,13.13,4.13,45.0
Dotyk.Application.News,2018-02-17T13:55:03.8080632Z,2018-02-17T13:55:23.07Z,dba5f8be-3482-4d6b-b574-74c0d2f7449f,13.92,0.32,165.0
Dotyk.Application.News,2018-02-17T13:55:15.7682058Z,2018-02-17T13:55:23.146Z,5374b45e-a212-487a-b5f6-7a1a0ab13c80,13.92,0.12,165.0
Dotyk.Application.News,2018-02-17T14:51:40.4106526Z,2018-02-17T14:52:02.956Z,6c2105e6-bd6b-4e8a-996d-4612bb782f17,14.85,0.38,30.0
Dotyk.Application.News,2018-02-17T14:59:35.3388955Z,2018-02-17T14:59:59.657Z,b8caf79b-1bca-46c9-a5e4-537fcfb1504c,14.98,0.41,129.0
Dotyk.Application.News,2018-02-17T15:16:46.0013726Z,2018-02-17T15:27:13.794Z,913ff8e4-f252-4ab5-af03-64833b24c77e,15.27,10.46,105.0
Dotyk.Application.News,2018-02-17T15:19:31.926853Z,2018-02-17T15:19:39.424Z,f6b9fe85-f6c6-4c8c-b131-4490849ae7bc,15.32,0.12,25.0
Dotyk.Application.News,2018-02-17T15:32:37.9799397Z,2018-02-17T15:33:11.763Z,d2011976-8ed3-41c1-8959-e497434d3cc3,15.53,0.56,115.0
Dotyk.Application.News,2018-02-17T15:35:46.5654106Z,2018-02-17T15:36:53.867Z,9bb7bb81-d40c-4261-8c10-aad124293935,15.58,1.12,38.0
Dotyk.Application.News,2018-02-17T15:39:29.6198274Z,2018-02-17T15:40:07.59Z,9f727899-bb87-4e72-a42c-ef6bf918869d,15.65,0.63,129.0
Dotyk.Application.News,2018-02-17T15:44:48.3826375Z,2018-02-17T15:44:49.791Z,ab5aa1d4-0e2c-45c3-ab2d-da67f0eae7b1,15.73,0.02,129.0
Dotyk.Application.News,2018-02-17T16:34:23.3986539Z,2018-02-17T16:34:40.133Z,57737ff3-6594-4c36-bf83-fbc24c49a270,16.57,0.28,19.0
Dotyk.Application.News,2018-02-17T16:44:15.8349299Z,2018-02-17T16:44:34.786Z,9a25f70e-47df-44b3-a18c-3d0261262c54,16.73,0.32,195.0
Dotyk.Application.News,2018-02-17T16:45:40.8075186Z,2018-02-17T16:46:28.896Z,4cdce13a-aa2c-412a-9338-e03fb646efe1,16.75,0.8,155.0
Dotyk.Application.News,2018-02-17T17:00:49.9704383Z,2018-02-17T19:00:12.997Z,852aac34-81ac-433a-8aaa-78ff194b7bfe,17.0,119.38,30.0
Dotyk.Application.News,2018-02-17T17:34:15.4631963Z,2018-02-17T17:34:35.994Z,c37f17b6-694b-40fe-9638-e98550f37eb0,17.57,0.34,155.0
Dotyk.Application.News,2018-02-17T17:52:05.5339854Z,2018-02-17T17:52:21.868Z,92c325d9-01e8-45df-9621-bd910e744259,17.87,0.27,165.0
Dotyk.Application.News,2018-02-17T18:14:23.4841129Z,2018-02-17T18:28:51.624Z,ff7ed819-855c-4e01-8575-9d28028cfd7c,18.23,14.47,195.0
Dotyk.Application.News,2018-02-17T20:47:50.5782505Z,2018-02-17T20:49:28.047Z,fca8444e-a4fa-4add-a99e-7c2bc77e59ab,20.78,1.62,115.0
Dotyk.Application.News,2018-02-17T21:23:53.5587189Z,2018-02-17T21:26:17.521Z,03c94905-59b2-44d6-a92f-288301a6c2d1,21.38,2.4,105.0
Dotyk.Application.News,2018-02-18T09:24:09.9505772Z,2018-02-18T09:24:53.351Z,ad4dfa11-fd7a-4acf-a1a6-0a635f711795,9.4,0.72,165.0
Dotyk.Application.News,2018-02-18T09:38:40.8221994Z,2018-02-18T09:39:29.446Z,8cf2b734-0b3d-4ee6-8cdc-e397eb94e0a8,9.63,0.81,115.0
Dotyk.Application.News,2018-02-18T09:46:23.431466Z,2018-02-18T09:46:36.83Z,3b2219f0-c5c2-4e8e-bbbf-31712eccb762,9.77,0.22,72.0
Dotyk.Application.News,2018-02-18T09:46:27.0090107Z,2018-02-18T09:46:51.52Z,ec813963-e2d6-4050-bd70-ed57dd6ab8a2,9.77,0.41,111.0
Dotyk.Application.News,2018-02-18T09:52:03.277644Z,2018-02-18T09:52:12.75Z,0bfce985-4bd7-42bb-a173-1b043b0323f2,9.87,0.16,115.0
Dotyk.Application.News,2018-02-18T09:53:10.9402463Z,2018-02-18T09:53:25.456Z,8a6080e3-9b62-4915-8daa-c7fd7b84bda1,9.88,0.24,115.0
Dotyk.Application.News,2018-02-18T10:14:52.3006116Z,2018-02-18T10:15:14.169Z,4ba045fa-ccf5-4059-9973-358f1e9874a4,10.23,0.36,35.0
Dotyk.Application.News,2018-02-18T10:21:36.5204268Z,2018-02-18T10:23:20.23Z,ecdce4b8-9670-4513-9db4-6e41294709ff,10.35,1.73,30.0
Dotyk.Application.News,2018-02-18T10:26:12.6303204Z,2018-02-18T10:26:38.291Z,e8a8ffe3-dc57-4956-a17b-9cc4a6f47a8f,10.43,0.43,99.0
Dotyk.Application.News,2018-02-18T10:37:39.5451165Z,2018-02-18T10:38:23.896Z,c9003348-1486-4dc7-8363-91654c681fb0,10.62,0.74,98.0
Dotyk.Application.News,2018-02-18T10:38:29.9957107Z,2018-02-18T10:39:12.352Z,776e3501-c907-49a7-8164-6ba01f6ed51e,10.63,0.71,25.0
Dotyk.Application.News,2018-02-18T10:45:26.5085898Z,2018-02-18T10:45:33.941Z,2078c828-121f-4ae4-9ec0-aa4c73789b03,10.75,0.12,105.0
Dotyk.Application.News,2018-02-18T10:50:58.4925427Z,2018-02-18T10:51:15.118Z,177fa227-dde3-4e31-be38-fb5e800e6a79,10.83,0.28,129.0
Dotyk.Application.News,2018-02-18T10:54:24.7550034Z,2018-02-18T10:54:43.102Z,dabe0f12-e1b9-4862-ab6a-7834c15e745b,10.9,0.31,110.0
Dotyk.Application.News,2018-02-18T10:57:50.5091163Z,2018-02-18T10:57:53.203Z,d4061512-18fc-4ad9-b9a5-2d225b0c7863,10.95,0.04,25.0
Dotyk.Application.News,2018-02-18T11:03:19.8776449Z,2018-02-18T11:03:32.075Z,3d519d6b-6d7f-43ce-a753-359c8058ece3,11.05,0.2,105.0
Dotyk.Application.News,2018-02-18T11:29:48.7692627Z,2018-02-18T11:29:53.324Z,a54a529f-a92f-4443-b6ed-2b8bdbae340c,11.48,0.08,38.0
Dotyk.Application.News,2018-02-18T11:38:19.3525182Z,2018-02-18T11:38:30.11Z,782e05d5-62f4-41d1-b957-e595d1b4fa6e,11.63,0.18,111.0
Dotyk.Application.News,2018-02-18T11:47:11.9555191Z,2018-02-18T11:47:58.957Z,be7f3ec8-4267-41f3-b3e1-19a8adfc7863,11.78,0.78,19.0
Dotyk.Application.News,2018-02-18T11:47:17.9467724Z,2018-02-18T11:47:20.023Z,95331825-48b5-4f88-93b2-6ecf6baefbe2,11.78,0.03,38.0
Dotyk.Application.News,2018-02-18T11:55:40.051182Z,2018-02-18T12:01:55.416Z,2beb7b7f-42ef-48fe-a24f-a7cc2da23cb6,11.92,6.26,165.0
Dotyk.Application.News,2018-02-18T12:08:46.4274385Z,2018-02-18T12:08:50.227Z,c679e32b-672a-4a4e-8209-1d28f3153b09,12.13,0.06,19.0
Dotyk.Application.News,2018-02-18T12:08:48.7580602Z,2018-02-18T12:09:08.535Z,fa162bee-897c-4ce1-9026-3d82f4bc6707,12.13,0.33,165.0
Dotyk.Application.News,2018-02-18T12:12:26.3267514Z,2018-02-18T12:12:44.06Z,472bd5de-488e-4876-ba54-4c67ea84510b,12.2,0.3,25.0
Dotyk.Application.News,2018-02-18T12:16:49.2862565Z,2018-02-18T12:17:27.577Z,1dc445c4-843d-4809-bcfb-9010b71e8035,12.27,0.64,25.0
Dotyk.Application.News,2018-02-18T12:26:31.0135831Z,2018-02-18T12:26:41.837Z,fb525412-0061-4f5f-8210-1fa15baa8960,12.43,0.18,165.0
Dotyk.Application.News,2018-02-18T12:28:09.8296023Z,2018-02-18T12:28:34.647Z,db21e170-75dc-4ada-8c32-bd74eb3e55d8,12.47,0.41,98.0
Dotyk.Application.News,2018-02-18T12:28:11.7653358Z,2018-02-18T12:28:33.544Z,5b4eea4d-7f85-4d8f-9bbd-e3981ed64ed3,12.47,0.36,25.0
Dotyk.Application.News,2018-02-18T12:41:40.2900623Z,2018-02-18T12:42:39.993Z,3875fe12-acc3-4c18-ad4a-ee7193b6c0f5,12.68,1.0,165.0
Dotyk.Application.News,2018-02-18T12:48:56.5896787Z,2018-02-18T12:49:36.313Z,377b2eb3-db44-41f4-b24b-664cfbe43f3e,12.8,0.66,35.0
Dotyk.Application.News,2018-02-18T13:01:21.9392884Z,2018-02-18T13:01:23.425Z,2f6f3c74-10a6-4352-97f9-87791d69efe4,13.02,0.02,19.0
Dotyk.Application.News,2018-02-18T13:05:41.9142597Z,2018-02-18T13:05:56.149Z,c3a628b4-b246-4bed-9049-26ee501efdb3,13.08,0.24,52.0
Dotyk.Application.News,2018-02-18T13:06:00.528011Z,2018-02-18T13:06:13.671Z,c737bf4c-58c7-4dd9-b0b1-d80ce61387d9,13.1,0.22,72.0
Dotyk.Application.News,2018-02-18T13:49:34.1662862Z,2018-02-18T13:49:49.386Z,a5a9f05f-98cf-474d-a6f2-c660cb103f0c,13.82,0.25,92.0
Dotyk.Application.News,2018-02-18T13:51:22.7005713Z,2018-02-18T13:51:25.64Z,9ef01d1a-b223-4a1b-8403-ca6b694715ba,13.85,0.05,165.0
Dotyk.Application.News,2018-02-18T13:54:48.2298713Z,2018-02-18T13:54:50.246Z,d8b272b4-ef13-456b-af65-7242f4a5ba59,13.9,0.03,35.0
Dotyk.Application.News,2018-02-18T14:13:43.1493568Z,2018-02-18T14:13:50.766Z,18029829-825e-4b11-9a0a-dfb82a21d84d,14.22,0.13,72.0
Dotyk.Application.News,2018-02-18T14:18:01.4395359Z,2018-02-18T14:18:13.267Z,bbb61d5b-5c1b-43aa-8705-787fec17ba21,14.3,0.2,105.0
Dotyk.Application.News,2018-02-18T14:21:07.4514466Z,2018-02-18T14:21:09.366Z,2909fcc8-dbfd-432e-bde1-193e814f0ef5,14.35,0.03,165.0
Dotyk.Application.News,2018-02-18T14:24:27.547385Z,2018-02-18T14:24:53.857Z,99ca9891-20bf-4d9f-a607-431b23add5d6,14.4,0.44,165.0
Dotyk.Application.News,2018-02-18T14:26:32.457887Z,2018-02-18T14:26:34.043Z,8ad68ef8-3520-4744-bbd7-da6ec41a62c8,14.43,0.03,15.0
Dotyk.Application.News,2018-02-18T14:28:35.8688556Z,2018-02-18T14:30:31.065Z,363b64c9-47d6-4602-a7b0-9af9949af617,14.47,1.92,92.0
Dotyk.Application.News,2018-02-18T15:04:55.8496712Z,2018-02-18T15:09:29.215Z,cd831f3a-5734-4bff-a171-eda457ee9c0b,15.07,4.56,25.0
Dotyk.Application.News,2018-02-18T15:09:36.3973636Z,2018-02-18T15:09:54.542Z,03862be7-fb51-4677-9f85-6eafdfa219a5,15.15,0.3,165.0
Dotyk.Application.News,2018-02-18T15:21:57.6516424Z,2018-02-18T15:22:04.568Z,464b9d79-5ee6-46f4-b24f-4ed46f3a2943,15.35,0.12,52.0
Dotyk.Application.News,2018-02-18T15:25:14.8708678Z,2018-02-18T15:57:13.796Z,e7e7305b-73ec-49e5-8835-39287f87f9cd,15.42,31.98,145.0
Dotyk.Application.News,2018-02-18T15:25:17.0456292Z,2018-02-18T15:32:07.028Z,cc3c156c-963c-49fd-a6c2-1af00074d69d,15.42,6.83,75.0
Dotyk.Application.News,2018-02-18T15:32:01.9521801Z,2018-02-18T15:32:13.251Z,c8f02c8c-c7e0-401b-9551-19ab7dcba198,15.53,0.19,27.0
Dotyk.Application.News,2018-02-18T15:43:33.5445517Z,2018-02-18T15:45:39.501Z,4890f6bf-d24b-4a4f-b7fa-39e4815473ab,15.72,2.1,129.0
Dotyk.Application.News,2018-02-18T15:44:58.8447673Z,2018-02-18T15:45:16.062Z,72adb083-3927-4eee-844b-c8eea33f535f,15.73,0.29,165.0
Dotyk.Application.News,2018-02-18T15:45:03.5317316Z,2018-02-18T15:45:45.528Z,26124a16-4af6-486a-98f7-6dffc03b5c0f,15.75,0.7,111.0
Dotyk.Application.News,2018-02-18T15:49:14.3316471Z,2018-02-18T15:49:22.642Z,8a56b6cc-d779-4d80-88f0-5da74dfa53e1,15.82,0.14,65.0
Dotyk.Application.News,2018-02-18T16:16:42.4562493Z,2018-02-18T16:17:30.452Z,4e28f21a-5308-4a45-8a7e-e5c4ea153035,16.27,0.8,48.0
Dotyk.Application.News,2018-02-18T16:42:44.4953548Z,2018-02-18T16:43:50.089Z,88855dfe-be43-4838-b810-c9b80e28e157,16.7,1.09,19.0
Dotyk.Application.News,2018-02-18T16:52:35.4080552Z,2018-02-18T16:53:06.889Z,2262e486-4e96-477d-b8b9-fcc765ee1053,16.87,0.52,65.0
Dotyk.Application.News,2018-02-18T16:56:49.2331579Z,2018-02-18T16:57:21.315Z,9596ca4c-081d-4978-b142-a9050843b10f,16.93,0.53,19.0
Dotyk.Application.News,2018-02-18T17:01:43.8019312Z,2018-02-18T17:01:46.774Z,e8751418-2a19-48c5-b2be-e10b28a7c3c7,17.02,0.05,19.0
Dotyk.Application.News,2018-02-18T17:04:19.4078303Z,2018-02-18T17:04:22.558Z,9a4ecbae-9179-4ed1-adb7-574b0ce03aa3,17.07,0.05,109.0
Dotyk.Application.News,2018-02-18T17:14:56.8459918Z,2018-02-18T17:17:06.394Z,f7cb499c-9a30-4f55-8a34-381acf499e7c,17.23,2.16,115.0
Dotyk.Application.News,2018-02-18T17:22:00.6964736Z,2018-02-18T17:23:00.868Z,ba2104df-b2ba-4551-94ca-53b4821f2fe7,17.37,1.0,52.0
Dotyk.Application.News,2018-02-18T17:58:20.6134054Z,2018-02-18T17:59:22.744Z,55d65597-bb5c-4883-b737-80529e6baf79,17.97,1.04,27.0
Dotyk.Application.News,2018-02-18T17:59:19.1828774Z,2018-02-18T17:59:33.322Z,730c8933-ff4b-446f-8e95-eb749c31a079,17.98,0.24,115.0
Dotyk.Application.News,2018-02-18T18:02:49.9421189Z,2018-02-18T18:03:22.089Z,362b6a5c-ee8c-46bf-a5d8-dc4ca5f39c92,18.03,0.54,132.0
Dotyk.Application.News,2018-02-18T18:24:13.0965459Z,2018-02-18T18:24:21.829Z,1d688def-7863-4d8d-a35c-5b1dcfdf80a5,18.4,0.15,185.0
Dotyk.Application.News,2018-02-18T18:27:06.0245914Z,2018-02-18T18:27:11.111Z,178f5391-53df-41aa-b7cb-ae215a901d6e,18.45,0.08,48.0
Dotyk.Application.News,2018-02-18T18:47:26.2965114Z,2018-02-18T18:50:49.162Z,144fb19a-455d-4882-96ea-e24d2d9da416,18.78,3.38,129.0
Dotyk.Application.News,2018-02-18T18:54:51.8095175Z,2018-02-18T18:58:10.589Z,61e0c2af-1542-40f2-aa8d-09b4610b7ad0,18.9,3.31,185.0
Dotyk.Application.News,2018-02-18T19:55:00.9864998Z,2018-02-18T19:55:41.367Z,0fba9acf-c544-4c74-8297-dee917bdb236,19.92,0.67,48.0
Dotyk.Application.News,2018-02-18T20:20:43.3044009Z,2018-02-18T21:04:49.174Z,ff3b8515-d9ce-4bf0-b942-e11e55f7d5fb,20.33,44.1,399.0
Dotyk.Application.News,2018-02-18T20:25:29.6755429Z,2018-02-18T20:25:50.556Z,2ce2c8dc-5a17-4713-8182-19813d6b34fc,20.42,0.35,52.0
Dotyk.Application.News,2018-02-18T21:10:37.8214874Z,2018-02-18T21:11:07.651Z,a717718a-f788-49a3-a49a-996b4f1199ec,21.17,0.5,32.0
Dotyk.Application.News,2018-02-18T21:15:17.2172989Z,2018-02-18T21:15:36.494Z,055bc607-2037-4275-b5a7-6f15e6b7127e,21.25,0.32,33.0
Dotyk.Application.News,2018-02-18T21:33:07.387012Z,2018-02-18T21:33:39.988Z,fbc17507-05d4-42e0-b8ed-2b19bda4dd0d,21.55,0.54,33.0
Dotyk.Application.News,2018-02-19T11:37:29.9275483Z,2018-02-19T11:38:48.498Z,369a906d-d29e-4666-bbeb-1d01c69d7dc1,11.62,1.31,60.0
Dotyk.Application.News,2018-02-19T12:57:07.2771257Z,2018-02-19T12:57:52.208Z,dc4baa4b-5dab-4486-9e95-c6c6c82c629a,12.95,0.75,19.0
Dotyk.Application.News,2018-02-19T16:48:22.9839064Z,2018-02-19T16:48:43.918Z,6a24fc2e-1373-4274-baf4-7e4b54befecb,16.8,0.35,30.0
Dotyk.Application.News,2018-02-19T17:01:05.7524421Z,2018-02-19T17:02:03.318Z,29ef03b8-020a-4452-ab98-1deb7d9aff2c,17.02,0.96,132.0
Dotyk.Application.News,2018-02-19T17:26:41.7419593Z,2018-02-19T17:26:44.674Z,c8e3f61f-2d36-44bf-b9b4-241e81e94179,17.43,0.05,115.0
Dotyk.Application.News,2018-02-19T18:13:50.4657996Z,2018-02-19T18:13:59.635Z,05a7fa8e-d52a-4539-a9b3-8873ec8b0e90,18.22,0.15,65.0
Dotyk.Application.News,2018-02-19T18:37:08.8555208Z,2018-02-19T18:43:32.414Z,1e8d3660-5d9c-4e2a-b709-77a234b8370f,18.62,6.39,35.0
Dotyk.Application.News,2018-02-19T18:37:16.2398922Z,2018-02-19T18:39:11.209Z,4d8bb757-526c-485c-866f-e1cf32d352e8,18.62,1.92,132.0
Dotyk.Application.News,2018-02-19T21:48:58.16233Z,2018-02-19T21:49:10.701Z,9d280d52-297e-49ea-9a4c-96c07d716f34,21.8,0.21,52.0
Dotyk.Application.News,2018-02-19T22:05:19.080877Z,2018-02-19T22:23:58.907Z,2ed44263-8164-493a-b905-78df597ac7ea,22.08,18.66,30.0
Dotyk.Application.News,2018-02-19T22:05:31.296164Z,2018-02-19T22:06:41.338Z,a68fe652-ddb9-43bf-b185-a1ff8a1bbfde,22.08,1.17,132.0
Dotyk.Application.News,2018-02-20T11:20:24.9083916Z,2018-02-20T11:22:14.525Z,c61f4f88-4143-444e-96ce-38929991e9f1,11.33,1.83,115.0
Dotyk.Application.News,2018-02-20T14:36:19.5029628Z,2018-02-20T14:37:00.984Z,44775402-b940-460b-9729-505e0b29eebe,14.6,0.69,25.0
Dotyk.Application.News,2018-02-20T15:55:25.7928175Z,2018-02-20T15:56:12.011Z,076d3af4-ac88-4f49-909d-5a41692e5c21,15.92,0.77,25.0
Dotyk.Application.News,2018-02-20T16:41:43.8806022Z,2018-02-20T16:42:10.187Z,043a5c2a-ac75-494a-8d29-d77ac532f6c9,16.68,0.44,109.0
Dotyk.Application.News,2018-02-21T09:33:54.1048784Z,2018-02-21T09:34:29.888Z,ff0558a8-64f5-4e09-9ae3-8da014918226,9.55,0.6,165.0
Dotyk.Application.News,2018-02-21T15:19:46.9779039Z,2018-02-21T15:19:50.954Z,93386126-620c-4cd2-b45e-513a1139ecb0,15.32,0.07,115.0
Dotyk.Application.News,2018-02-21T15:44:51.7864611Z,2018-02-21T15:54:15.789Z,237c5ae0-4650-4e48-a706-f477d583d2f9,15.73,9.4,165.0
Dotyk.Application.News,2018-02-21T16:00:28.7652144Z,2018-02-21T16:01:13.166Z,2bcbaf17-8aca-4dc8-b727-72f3f931a84b,16.0,0.74,165.0
Dotyk.Application.News,2018-02-21T17:29:49.9382791Z,2018-02-21T17:30:32.151Z,d7448f7d-cca3-49f8-9846-2be7b0fc7410,17.48,0.7,52.0
Dotyk.Application.News,2018-02-21T18:01:02.6136289Z,2018-02-21T18:04:39.664Z,08d27a5c-c15f-4399-a91e-2560f535b3d3,18.02,3.62,65.0
Dotyk.Application.News,2018-02-21T18:05:01.4993196Z,2018-02-21T18:05:47.62Z,d4a16193-5ad6-4df3-858e-452dbfa2e9b8,18.08,0.77,65.0
Dotyk.Application.News,2018-02-21T18:06:05.2207697Z,2018-02-21T18:15:48.123Z,be29e858-b7b8-4b8b-bf97-dbf1f8f34005,18.1,9.72,33.0
Dotyk.Application.News,2018-02-21T18:17:07.3876279Z,2018-02-21T18:17:09.158Z,a932f850-465d-4d73-aabc-401d0b0bbc98,18.28,0.03,19.0
Dotyk.Application.News,2018-02-21T18:30:11.5275725Z,2018-02-21T18:44:03.411Z,6c2180aa-cbbc-4f89-853f-622661ac3810,18.5,13.86,52.0
Dotyk.Application.News,2018-02-21T19:02:46.0969212Z,2018-02-21T21:03:40.798Z,a209eea2-231a-45f1-9dec-ae217c2568bf,19.03,120.91,65.0
Dotyk.Application.News,2018-02-21T19:19:46.6942018Z,2018-02-21T19:19:48.697Z,2e8f436e-fc72-4cdb-b876-a4e1a5b1598e,19.32,0.03,19.0
Dotyk.Application.News,2018-02-21T19:24:15.0687581Z,2018-02-21T19:24:57.92Z,1c17711d-8c61-4d28-91f7-7963cfe62666,19.4,0.71,115.0
Dotyk.Application.News,2018-02-21T20:20:25.565219Z,2018-02-21T21:01:00.151Z,ff75eebc-1cd3-4c75-b407-324cb3b4967d,20.33,40.58,33.0
Dotyk.Application.News,2018-02-22T13:22:21.6190195Z,2018-02-22T13:22:25.284Z,91f24c57-c7ac-4b0b-8228-9739cf08b3ef,13.37,0.06,105.0
Dotyk.Application.News,2018-02-22T15:07:27.1155962Z,2018-02-22T15:07:42.203Z,120b1aea-112e-4e83-883a-671d90ce089a,15.12,0.25,154.0
Dotyk.Application.News,2018-02-22T15:13:09.6517352Z,2018-02-22T15:13:12.669Z,d5aec552-6641-4be5-a846-eaf2e3b086c9,15.22,0.05,154.0
Dotyk.Application.News,2018-02-22T15:37:37.0883239Z,2018-02-22T15:39:43.591Z,aa8b52ae-f7d0-4417-9742-cdc7ff0cd65f,15.62,2.11,48.0
Dotyk.Application.News,2018-02-22T17:08:43.1351408Z,2018-02-22T17:08:54.22Z,409c0d50-3ee7-443a-9938-64ae78979c4f,17.13,0.18,175.0
Dotyk.Application.News,2018-02-22T17:23:43.6870706Z,2018-02-22T17:24:14.331Z,4221dfae-80bb-46c9-88dd-fad2ad6ec552,17.38,0.51,92.0
Dotyk.Application.News,2018-02-22T17:50:20.7579114Z,2018-02-22T18:10:07.576Z,56ecf7f0-a9c4-4216-87b7-16e8c6bf87ed,17.83,19.78,35.0
Dotyk.Application.News,2018-02-22T18:45:48.0546213Z,2018-02-22T18:45:59.885Z,4c11f815-9f1c-4d12-81f6-c220dc2bb929,18.75,0.2,33.0
Dotyk.Application.News,2018-02-22T21:28:13.0086023Z,2018-02-22T21:28:43.425Z,5b8319c6-9b37-4d1a-a907-e376d6df8c18,21.47,0.51,115.0
Dotyk.Application.News,2018-02-23T13:19:43.9850096Z,2018-02-23T17:48:04.015Z,d5d8e24a-cd81-4f1a-a89b-3748b150365e,13.32,268.33,111.0
Dotyk.Application.News,2018-02-23T14:52:22.5754972Z,2018-02-23T14:53:29.57Z,32fadbb0-28c1-46fa-93c9-3694aa613d6b,14.87,1.12,30.0
Dotyk.Application.News,2018-02-23T15:26:03.8234514Z,2018-02-23T15:26:09.888Z,75b1faed-faca-4e8a-bc79-94294f22e894,15.43,0.1,25.0
Dotyk.Application.News,2018-02-23T16:06:30.9508494Z,2018-02-23T16:49:25.702Z,bccee59d-6a38-4455-ad81-48adc20afd3d,16.1,42.91,19.0
Dotyk.Application.News,2018-02-23T17:24:41.157477Z,2018-02-23T17:24:47.82Z,d5d29736-78fb-4123-a278-367c26b0c596,17.4,0.11,35.0
Dotyk.Application.News,2018-02-23T17:52:45.5328084Z,2018-02-23T17:53:02.763Z,ff989d92-4723-4f7e-9602-5715de3ed1e9,17.87,0.29,165.0
Dotyk.Application.News,2018-02-23T17:53:30.915039Z,2018-02-23T17:53:44.028Z,43c3a27e-4136-488d-8fbe-02da482d4bf9,17.88,0.22,70.0
Dotyk.Application.News,2018-02-23T17:55:50.7007205Z,2018-02-23T17:56:08.417Z,dc196ab1-47ea-4abb-a49b-c57a9cd096bf,17.92,0.3,165.0
Dotyk.Application.News,2018-02-23T18:29:50.2739881Z,2018-02-23T18:30:05.549Z,bbbcc299-d6dc-4221-8942-40057a2d8e0f,18.48,0.25,52.0
Dotyk.Application.News,2018-02-23T19:12:03.5731286Z,2018-02-23T19:12:20.652Z,4457cf38-b9bb-4b29-89e7-325c3de78610,19.2,0.28,38.0
Dotyk.Application.News,2018-02-23T19:25:52.4990474Z,2018-02-23T19:26:29.434Z,7881d364-57c0-4a26-ac2b-eb63a2034213,19.42,0.62,70.0
Dotyk.Application.News,2018-02-23T19:41:19.2710037Z,2018-02-23T19:42:30.726Z,cbd8cb95-b57f-41ca-a727-e42e0f033c4f,19.68,1.19,38.0
Dotyk.Application.News,2018-02-23T19:43:36.1938172Z,2018-02-23T19:43:41.139Z,39d15184-70e4-4c42-aa7d-4522d64b6e46,19.72,0.08,48.0
Dotyk.Application.News,2018-02-23T19:43:40.7715762Z,2018-02-23T19:44:03.261Z,5402dedb-6cfd-4ea2-be72-8f13cdcbc512,19.72,0.37,115.0
Dotyk.Application.News,2018-02-23T20:23:14.4917855Z,2018-02-23T20:23:52.417Z,1c7f60d9-2814-4773-a3c3-2ecf5b1079a5,20.38,0.63,115.0
Dotyk.Application.News,2018-02-23T21:29:35.8598977Z,2018-02-23T21:30:17.622Z,5969b23d-cd07-43f6-8e3f-3201ce74e193,21.48,0.7,115.0
Dotyk.Application.News,2018-02-24T09:55:22.1195067Z,2018-02-24T09:55:39.263Z,496a4ee0-fb58-4a40-a136-f6a789abf916,9.92,0.29,98.0
Dotyk.Application.News,2018-02-24T10:36:33.9216756Z,2018-02-24T10:37:02.588Z,921ae29f-e088-48f2-a986-75efa620edad,10.6,0.48,19.0
Dotyk.Application.News,2018-02-24T10:45:03.1728102Z,2018-02-24T10:48:25.591Z,844fc05f-adf4-4573-bed1-ce7d400f4277,10.75,3.37,15.0
Dotyk.Application.News,2018-02-24T11:37:08.3824307Z,2018-02-24T11:50:09.21Z,ca0caa97-9a6c-4892-b29d-309ab06f2a52,11.62,13.01,111.0
Dotyk.Application.News,2018-02-24T11:51:49.2057007Z,2018-02-24T11:53:01.571Z,0b180d81-8be2-4001-9cd5-61a87511102c,11.85,1.21,35.0
Dotyk.Application.News,2018-02-24T11:52:05.6183328Z,2018-02-24T11:52:53.605Z,29eae15f-53b5-4c92-8db1-460f4079d90f,11.87,0.8,165.0
Dotyk.Application.News,2018-02-24T11:56:23.8628951Z,2018-02-24T11:56:51.891Z,d2f7c531-4d61-4c92-9c48-75545cd77d53,11.93,0.47,111.0
Dotyk.Application.News,2018-02-24T12:00:28.6670051Z,2018-02-24T12:00:40.031Z,85c68534-ecf3-4f74-b8f5-9df44efe3d71,12.0,0.19,55.0
Dotyk.Application.News,2018-02-24T13:48:15.563465Z,2018-02-24T13:48:19.681Z,6d6a21e4-333e-40d6-8b8e-f43bf4c7eaec,13.8,0.07,165.0
Dotyk.Application.News,2018-02-24T13:58:02.2160583Z,2018-02-24T13:58:24.002Z,3ea5be41-fb64-42da-a2db-071b40e6a740,13.97,0.36,58.0
Dotyk.Application.News,2018-02-24T14:03:27.3066113Z,2018-02-24T14:33:52.183Z,8413f258-0171-4e44-ab10-f2fb520b098c,14.05,30.41,52.0
Dotyk.Application.News,2018-02-24T14:10:38.8104078Z,2018-02-24T14:11:12.258Z,2364862a-c5ff-4274-8fa4-6609b070b146,14.17,0.56,55.0
Dotyk.Application.News,2018-02-24T14:21:28.2103012Z,2018-02-24T14:22:00.019Z,bfecb493-8ec2-486f-acf0-6d0ae19b7022,14.35,0.53,165.0
Dotyk.Application.News,2018-02-24T14:35:41.6198438Z,2018-02-24T14:37:10.416Z,e3cfee38-dee0-4bb6-ac9c-fea91cd2c1a6,14.58,1.48,19.0
Dotyk.Application.News,2018-02-24T14:43:40.7793488Z,2018-02-24T14:43:45.799Z,9acac39c-7331-4101-9fb8-6d2f23edd82e,14.72,0.08,99.0
Dotyk.Application.News,2018-02-24T14:59:30.7024381Z,2018-02-24T14:59:32.113Z,d9fde67c-b5d1-45f3-bf3e-62b6e5eb0478,14.98,0.02,99.0
Dotyk.Application.News,2018-02-24T15:04:40.970483Z,2018-02-24T15:04:51.988Z,97f799e2-b56b-4911-b19c-6793eac7a1f1,15.07,0.18,98.0
Dotyk.Application.News,2018-02-24T15:17:19.9209232Z,2018-02-24T15:18:15.233Z,2ec69e2a-8d1b-4be1-97e5-ff92369c8cc6,15.28,0.92,85.0
Dotyk.Application.News,2018-02-24T15:39:42.7585864Z,2018-02-24T15:40:20.015Z,f5abab70-9bfa-4645-ac71-707542b366fb,15.65,0.62,19.0
Dotyk.Application.News,2018-02-24T15:41:45.8157001Z,2018-02-24T15:42:01.811Z,51aba19a-2e32-4a38-ae6d-f4200e4a57f8,15.68,0.27,185.0
Dotyk.Application.News,2018-02-24T16:15:30.4218052Z,2018-02-24T16:15:57.025Z,87b00766-1fba-48aa-98e2-54d680b16664,16.25,0.44,19.0
Dotyk.Application.News,2018-02-24T16:17:12.4206928Z,2018-02-24T16:17:36.894Z,79738439-07b0-4a7e-a0a2-1b8780ff4194,16.28,0.41,65.0
Dotyk.Application.News,2018-02-24T16:25:39.3530335Z,2018-02-24T16:46:12.675Z,7aed6272-d70f-4217-9915-e64634beaedb,16.42,20.56,19.0
Dotyk.Application.News,2018-02-24T16:30:08.4456321Z,2018-02-24T16:30:48.2Z,8bceb96c-7ac6-48cc-8a02-eae78335a58f,16.5,0.66,165.0
Dotyk.Application.News,2018-02-24T17:04:50.7009395Z,2018-02-24T17:05:26.325Z,69271c3b-4022-4035-9f5e-b2cde45a6949,17.07,0.59,98.0
Dotyk.Application.News,2018-02-24T17:13:18.3300478Z,2018-02-24T17:13:55.313Z,22f48f32-0c26-40b4-8957-2fbcc5220344,17.22,0.62,19.0
Dotyk.Application.News,2018-02-24T17:18:10.2063178Z,2018-02-24T17:33:20.368Z,596cda20-ca89-493f-ae3c-34a9db2907d2,17.3,15.17,55.0
Dotyk.Application.News,2018-02-24T17:28:28.2922784Z,2018-02-24T17:28:46.001Z,06551f80-bf9e-46d9-b37f-761f5f721459,17.47,0.3,19.0
Dotyk.Application.News,2018-02-24T17:33:40.5300282Z,2018-02-24T17:36:15.336Z,8d81c759-8bc4-4d74-a487-48de9dc4daf0,17.55,2.58,15.0
Dotyk.Application.News,2018-02-24T17:46:30.2158277Z,2018-02-24T17:46:49.484Z,c70cb37e-ab09-42c3-b03d-8ad88cafe8c3,17.77,0.32,110.0
Dotyk.Application.News,2018-02-24T18:09:05.1152508Z,2018-02-24T18:09:07.216Z,62a6b626-2abf-4c69-8599-2b9ddb083fdb,18.15,0.04,15.0
Dotyk.Application.News,2018-02-24T18:24:40.5649267Z,2018-02-24T19:37:42.706Z,51272294-76f0-4f9f-8335-3df61e3eb915,18.4,73.04,52.0
Dotyk.Application.News,2018-02-24T18:36:19.8968712Z,2018-02-24T18:37:47.115Z,6e17fb5b-85a7-4030-9561-6d59bf8463be,18.6,1.45,19.0
Dotyk.Application.News,2018-02-24T19:23:56.6876222Z,2018-02-24T19:24:17.634Z,b2246085-1132-44bf-9b7d-5c59b26633c2,19.38,0.35,19.0
Dotyk.Application.News,2018-02-24T19:30:26.0266853Z,2018-02-24T19:33:14.698Z,1e84e7a1-0710-4c81-9bd9-c65e5c802dce,19.5,2.81,115.0
Dotyk.Application.News,2018-02-24T19:38:35.668029Z,2018-02-24T19:39:33.67Z,f7281f78-c6fc-4e02-b843-2c787143eaa8,19.63,0.97,37.0
Dotyk.Application.News,2018-02-24T19:48:02.5132445Z,2018-02-24T19:48:54.772Z,a78acbb7-541c-46e5-a918-2e3486bd7520,19.8,0.87,35.0
Dotyk.Application.News,2018-02-24T19:51:38.1443083Z,2018-02-24T19:52:24.702Z,a81714ac-107c-4bfd-bf5c-8f66818a8174,19.85,0.78,165.0
Dotyk.Application.News,2018-02-24T20:18:07.5997266Z,2018-02-24T20:18:16.977Z,27c310bf-fcea-4ef7-8437-09ab4b46ec90,20.3,0.16,52.0
Dotyk.Application.News,2018-02-24T20:42:35.6898612Z,2018-02-24T20:42:57.348Z,c87d55a5-5426-4a53-9e60-7e8ced10d8a5,20.7,0.36,185.0
Dotyk.Application.News,2018-02-24T21:00:04.410834Z,2018-02-24T21:30:18.645Z,e73621a2-713c-4517-83c1-6a23b0d964e1,21.0,30.24,185.0
Dotyk.Application.News,2018-02-24T22:14:44.9659575Z,2018-02-24T22:15:10.496Z,00876596-a9d8-4839-aa67-dce9cb4caf55,22.23,0.43,110.0
Dotyk.Application.News,2018-02-25T10:18:44.7842145Z,2018-02-25T10:18:57.515Z,0831738f-e5b8-4b3a-b9b2-32fc4e143260,10.3,0.21,27.0
Dotyk.Application.News,2018-02-25T10:20:28.6740915Z,2018-02-25T10:20:43.657Z,1c6b0b38-e1ff-4e68-8957-75cfc53b00a9,10.33,0.25,185.0
Dotyk.Application.News,2018-02-25T10:47:34.9985125Z,2018-02-25T10:47:44.692Z,c533771f-6124-4f3e-bb89-9d0fdf804ca2,10.78,0.16,111.0
Dotyk.Application.News,2018-02-25T10:48:19.8494685Z,2018-02-25T10:48:34.016Z,c749e897-65f0-414d-92d6-d3314cb14ceb,10.8,0.24,111.0
Dotyk.Application.News,2018-02-25T11:05:00.8283326Z,2018-02-25T11:05:17.125Z,19387b6c-cb5d-49e2-ad75-05c400f8feb0,11.08,0.27,109.0
Dotyk.Application.News,2018-02-25T11:07:00.0975996Z,2018-02-25T11:07:24.949Z,c8718196-b8a2-4db6-965b-3ba1aa74a346,11.12,0.41,65.0
Dotyk.Application.News,2018-02-25T11:07:42.6525851Z,2018-02-25T11:18:54.815Z,78e20b0b-b7b7-463d-a9e7-3f872c4764e8,11.12,11.2,129.0
Dotyk.Application.News,2018-02-25T11:11:00.5239632Z,2018-02-25T11:11:19.34Z,3064bf69-54f7-4378-b90b-e088e4250a4f,11.18,0.31,115.0
Dotyk.Application.News,2018-02-25T11:14:21.5437662Z,2018-02-25T11:14:22.85Z,deb75f8f-fa7d-4b84-a027-afb980e949c7,11.23,0.02,109.0
Dotyk.Application.News,2018-02-25T11:19:33.480896Z,2018-02-25T11:22:55.958Z,7848bbb0-a4ae-44b9-b8d6-c21590b926c4,11.32,3.37,65.0
Dotyk.Application.News,2018-02-25T11:35:44.3932959Z,2018-02-25T11:36:02.365Z,8db6d9e0-dbdd-471d-969d-f8d4a3c050be,11.58,0.3,115.0
Dotyk.Application.News,2018-02-25T11:41:42.8975759Z,2018-02-25T11:41:56.784Z,c1004f92-2d8a-411c-9ba1-1fc7464f39ff,11.68,0.23,109.0
Dotyk.Application.News,2018-02-25T12:23:58.8295613Z,2018-02-25T12:24:54.145Z,c4305389-0aad-4e3b-be8b-4560df07731f,12.38,0.92,92.0
Dotyk.Application.News,2018-02-25T12:25:55.7529473Z,2018-02-25T12:36:57.688Z,34f14393-3e0e-4b23-84c2-dad2e17f7e18,12.42,11.03,185.0
Dotyk.Application.News,2018-02-25T12:36:35.9809159Z,2018-02-25T12:40:13.127Z,d22efa04-1f41-4756-9335-354b18f52bdc,12.6,3.62,129.0
Dotyk.Application.News,2018-02-25T12:49:06.8264373Z,2018-02-25T12:50:21.148Z,090a6079-dfdf-439c-8734-9bd4b4a2020a,12.82,1.24,185.0
Dotyk.Application.News,2018-02-25T13:04:22.2021679Z,2018-02-25T13:05:02.556Z,40e45ecf-b1f5-4ccb-acb8-e214db4200a3,13.07,0.67,37.0
Dotyk.Application.News,2018-02-25T13:24:31.3842761Z,2018-02-25T13:26:04.82Z,a8801356-a4c3-4a17-9c53-be33c97c8a35,13.4,1.56,111.0
Dotyk.Application.News,2018-02-25T13:29:58.4724164Z,2018-02-25T13:30:45.11Z,bb74cdbb-8279-4a8e-9144-36702560a0b6,13.48,0.78,105.0
Dotyk.Application.News,2018-02-25T13:42:40.106552Z,2018-02-25T13:42:59.289Z,33643866-867f-4295-816e-fa02f7c09b0f,13.7,0.32,36.0
Dotyk.Application.News,2018-02-25T13:59:57.1742079Z,2018-02-25T14:00:23.683Z,e30edcc5-25f7-41ac-a3bd-e8a3d32e4bc0,13.98,0.44,142.0
Dotyk.Application.News,2018-02-25T14:00:58.0727683Z,2018-02-25T14:01:23.514Z,da0c34fb-d124-4724-b657-1033dde3b6ee,14.0,0.42,75.0
Dotyk.Application.News,2018-02-25T14:05:17.311879Z,2018-02-25T15:11:44.534Z,79962361-cfdc-4012-a7c0-bf44568faaf6,14.08,66.45,27.0
Dotyk.Application.News,2018-02-25T14:06:07.6567162Z,2018-02-25T14:06:19.523Z,78722593-44f5-4d7b-b251-54354011c302,14.1,0.2,109.0
Dotyk.Application.News,2018-02-25T14:18:09.2951615Z,2018-02-25T14:18:25.356Z,e04bddad-4fc4-4bef-90ab-313696dffe66,14.3,0.27,109.0
Dotyk.Application.News,2018-02-25T14:37:58.3495879Z,2018-02-25T14:41:13.991Z,146f11ef-6cde-4481-8014-f0afd8158595,14.62,3.26,142.0
Dotyk.Application.News,2018-02-25T14:42:49.0893628Z,2018-02-25T14:43:01.506Z,2470b4ba-a742-48fa-9aa4-f6d6e12c77be,14.7,0.21,129.0
Dotyk.Application.News,2018-02-25T14:48:49.4786267Z,2018-02-25T14:56:06.765Z,262567a7-d8d1-4444-985f-9b3786edfe2f,14.8,7.29,115.0
Dotyk.Application.News,2018-02-25T15:08:49.102776Z,2018-02-25T15:09:04.114Z,428c183e-5603-48ce-9889-dd40a798f437,15.13,0.25,37.0
Dotyk.Application.News,2018-02-25T15:34:10.5784295Z,2018-02-25T16:20:38.457Z,5a533779-1d57-4751-adc3-c265b2228a2a,15.57,46.46,36.0
Dotyk.Application.News,2018-02-25T15:47:30.807014Z,2018-02-25T15:48:04.855Z,06f74c1b-b68a-4b01-8549-daef796bc931,15.78,0.57,38.0
Dotyk.Application.News,2018-02-25T16:34:32.2263436Z,2018-02-25T16:34:44.696Z,15187eb6-4fb6-4a91-97c8-d6ceb57b982f,16.57,0.21,37.0
Dotyk.Application.News,2018-02-25T16:35:17.219672Z,2018-02-25T16:35:21.42Z,14d88592-1bfe-495f-8cb2-e90d88fd7558,16.58,0.07,94.0
Dotyk.Application.News,2018-02-25T16:46:24.1415635Z,2018-02-25T16:46:30.985Z,f4a66fe5-583d-44f1-820c-3afca3c6d7c5,16.77,0.11,36.0
Dotyk.Application.News,2018-02-25T16:59:02.3888043Z,2018-02-25T16:59:31.239Z,552e7300-60aa-49c9-8271-27c8b579f605,16.98,0.48,65.0
Dotyk.Application.News,2018-02-25T16:59:10.4928588Z,2018-02-25T16:59:34.897Z,941bc161-4180-472e-9c34-f3b44e3ab75b,16.98,0.41,111.0
Dotyk.Application.News,2018-02-25T16:59:24.4351613Z,2018-02-25T16:59:41.279Z,67ee289b-1073-4423-8683-d2e7d876c342,16.98,0.28,75.0
Dotyk.Application.News,2018-02-25T17:01:06.0151605Z,2018-02-25T17:01:08.446Z,ba1fb3e5-91fc-4754-bc06-c247cba53283,17.02,0.04,111.0
Dotyk.Application.News,2018-02-25T17:01:30.1338868Z,2018-02-25T17:01:38.028Z,3067c662-5cc5-4f4d-b785-4a9d96171789,17.02,0.13,65.0
Dotyk.Application.News,2018-02-25T17:02:08.2834447Z,2018-02-25T17:04:09.763Z,72584623-9284-42a4-8258-356b98cfac2d,17.03,2.02,89.0
Dotyk.Application.News,2018-02-25T17:02:50.8643799Z,2018-02-25T17:02:57.814Z,de4ec5b1-936c-4413-bcec-f2f755139ecc,17.03,0.12,109.0
Dotyk.Application.News,2018-02-25T17:19:01.9249315Z,2018-02-25T17:26:29.87Z,abf59ec9-b61b-4b82-8f62-dcb346663122,17.32,7.47,37.0
Dotyk.Application.News,2018-02-25T17:21:13.5975755Z,2018-02-25T17:21:19.831Z,19ad4011-9fdd-4b9e-91ba-eed6220f1665,17.35,0.1,75.0
Dotyk.Application.News,2018-02-25T17:24:45.646926Z,2018-02-25T17:24:47.435Z,d5c28f61-4d6a-47c9-a105-dc0f2cae55a2,17.4,0.03,129.0
Dotyk.Application.News,2018-02-25T17:24:58.016892Z,2018-02-25T17:25:09.559Z,7768b345-fbe4-4c25-84d7-558189f424eb,17.4,0.19,92.0
Dotyk.Application.News,2018-02-25T17:27:14.0220037Z,2018-02-25T17:27:16.151Z,9117384b-accb-445d-a44c-a00374cb4b96,17.45,0.04,109.0
Dotyk.Application.News,2018-02-25T17:38:09.4256901Z,2018-02-25T17:58:27.96Z,8219e796-ff51-4c13-be73-7d00c55852b4,17.63,20.31,142.0
Dotyk.Application.News,2018-02-25T17:40:18.3078932Z,2018-02-25T17:40:26.902Z,a7ca0d19-7ec3-4201-b771-a8a9398e43e9,17.67,0.14,185.0
Dotyk.Application.News,2018-02-25T18:16:41.6013599Z,2018-02-25T18:17:21.381Z,81337d44-930c-41ad-bfb9-ed0ccc5a302a,18.27,0.66,35.0
Dotyk.Application.News,2018-02-25T18:18:32.0557161Z,2018-02-25T18:18:42.07Z,1f3e6061-0a35-4a6a-bf28-9d21b00bcabc,18.3,0.17,105.0
Dotyk.Application.News,2018-02-25T18:29:58.3728914Z,2018-02-25T18:30:35.342Z,9e4d1589-000b-42bb-abdc-e5a53e57fc26,18.48,0.62,109.0
Dotyk.Application.News,2018-02-25T19:02:31.5769805Z,2018-02-25T19:04:11.777Z,e46d58f8-0a80-4b37-a2fc-aa083e404e09,19.03,1.67,111.0
Dotyk.Application.News,2018-02-25T19:04:18.7023812Z,2018-02-25T19:04:27.466Z,cb505b9a-76ba-409f-baab-4eb183ba6752,19.07,0.15,115.0
Dotyk.Application.News,2018-02-25T19:07:30.4684677Z,2018-02-25T19:08:31.157Z,eac415d9-e51e-4e24-8b24-d970f4eaa1e4,19.12,1.01,115.0
Dotyk.Application.News,2018-02-25T19:58:31.5048677Z,2018-02-25T19:58:40.98Z,c0568557-c229-496b-af20-a356546e3483,19.97,0.16,185.0
Dotyk.Application.News,2018-02-25T20:11:30.5846268Z,2018-02-25T20:12:11.217Z,4d6ab09e-43af-455d-be5c-dee39a2c5b24,20.18,0.68,36.0
Dotyk.Application.News,2018-02-25T20:14:14.0666048Z,2018-02-25T20:14:44.129Z,d4b7502f-abf3-4edc-a011-e780f00e5a92,20.23,0.5,165.0
Dotyk.Application.News,2018-02-25T21:00:43.582558Z,2018-02-25T21:01:17.893Z,08ea360f-1d0a-4564-8cbb-0f5e096018f3,21.0,0.57,109.0
Dotyk.Application.News,2018-02-25T21:19:34.4210268Z,2018-02-25T21:20:00.439Z,1a3f282d-269a-42da-9b88-5cea1183a83f,21.32,0.43,25.0
Dotyk.Application.News,2018-02-25T21:20:13.0128673Z,2018-02-25T21:21:37.905Z,e55600ba-7f92-4332-a0aa-bc584096788f,21.33,1.41,25.0
Dotyk.Application.News,2018-02-26T09:47:28.7130831Z,2018-02-26T09:48:04.02Z,c954d695-f484-4331-be2e-6a5d8fae1eae,9.78,0.59,72.0
Dotyk.Application.News,2018-02-26T10:23:10.9753473Z,2018-02-26T10:47:35.616Z,38ce72e3-e858-4a49-8142-20830cb4b693,10.38,24.41,155.0
Dotyk.Application.News,2018-02-26T11:22:53.6498446Z,2018-02-26T11:23:39.734Z,262bee82-9b89-4083-b8ec-1b93490639ae,11.37,0.77,72.0
Dotyk.Application.News,2018-02-26T11:24:59.7877239Z,2018-02-26T11:26:20.069Z,d8ae85fa-6a72-4aea-b5ad-50d1f466404a,11.4,1.34,25.0
Dotyk.Application.News,2018-02-26T15:08:24.2892328Z,2018-02-26T15:08:26.437Z,75360b09-6fc4-46d3-bfe9-4da294a6d916,15.13,0.04,35.0
Dotyk.Application.News,2018-02-26T15:50:43.284014Z,2018-02-26T15:52:17.471Z,ceb19d52-3551-4e6e-a18b-87ef6d0e4f6b,15.83,1.57,72.0
Dotyk.Application.News,2018-02-26T17:00:31.3545224Z,2018-02-26T17:00:40.553Z,37220e66-d8cc-4e4d-a0ef-4299882ec1bb,17.0,0.15,142.0
Dotyk.Application.News,2018-02-26T17:00:56.0715825Z,2018-02-26T17:00:59.469Z,219777a8-8371-49bf-8d55-c6658392cf4a,17.0,0.06,142.0
Dotyk.Application.News,2018-02-26T17:08:31.4532728Z,2018-02-26T17:08:47.22Z,ebca304b-98ea-4106-aec8-c6cf18706896,17.13,0.26,35.0
Dotyk.Application.News,2018-02-26T17:47:13.3730042Z,2018-02-26T17:47:26.376Z,ed45a748-eddd-4403-81da-8c1513dad5bb,17.78,0.22,129.0
Dotyk.Application.News,2018-02-26T17:57:30.7907137Z,2018-02-26T17:57:53.169Z,e175b3ac-1e03-4873-9d45-e4765e119d71,17.95,0.37,399.0
Dotyk.Application.News,2018-02-26T18:19:50.9306711Z,2018-02-26T18:20:12.448Z,52b61d06-95d7-4070-beb0-ab1c2261b9d1,18.32,0.36,129.0
Dotyk.Application.News,2018-02-26T18:21:02.5321513Z,2018-02-26T18:38:18.75Z,63f10157-c44c-4d6e-aa28-dd7283d1f00e,18.35,17.27,94.0
Dotyk.Application.News,2018-02-26T18:40:02.3261838Z,2018-02-26T18:41:28.574Z,afe32123-c184-4133-9324-902c4c6467f3,18.67,1.44,72.0
Dotyk.Application.News,2018-02-26T19:54:55.5506119Z,2018-02-26T19:55:21.927Z,70e429ea-e956-4903-9493-8699eb13ca97,19.9,0.44,115.0
Dotyk.Application.News,2018-02-26T19:57:29.8060918Z,2018-02-26T19:57:34.542Z,43be1062-016f-4ddd-b87f-568287e75ff4,19.95,0.08,115.0
Dotyk.Application.News,2018-02-27T13:22:15.4060228Z,2018-02-27T13:22:45.256Z,8d096d4b-3b89-4790-9de5-d0dd551f67c0,13.37,0.5,105.0
Dotyk.Application.News,2018-02-27T13:38:16.6954486Z,2018-02-27T13:38:20.588Z,592aaf53-eed8-4412-8812-c538eb18df7e,13.63,0.06,105.0
Dotyk.Application.News,2018-02-27T14:11:21.4796593Z,2018-02-27T14:11:41.867Z,3b086bb0-a784-4f80-ab10-c9dfe5a093df,14.18,0.34,33.0
Dotyk.Application.News,2018-02-27T14:16:03.5705656Z,2018-02-27T14:16:10.468Z,ff565e40-2c55-482e-b67e-1161da738e0a,14.27,0.11,110.0
Dotyk.Application.News,2018-02-27T14:42:28.6120086Z,2018-02-27T14:43:26.662Z,8eac4ff2-f87f-4b7a-b07d-4d7ba5ef12e1,14.7,0.97,25.0
Dotyk.Application.News,2018-02-27T15:03:25.5515982Z,2018-02-27T15:03:43.924Z,9614128c-5ff2-404b-a5c4-51c997fbc741,15.05,0.31,105.0
Dotyk.Application.News,2018-02-27T15:05:46.7205334Z,2018-02-27T15:05:50.617Z,82678b1d-872e-4ed6-b8e7-6c70c0f8aad8,15.08,0.06,105.0
Dotyk.Application.News,2018-02-27T15:08:38.5148076Z,2018-02-27T15:09:05.6Z,d61dfb48-37ba-4a8f-93fc-368502faeef3,15.13,0.45,129.0
Dotyk.Application.News,2018-02-27T15:09:05.1544904Z,2018-02-27T15:09:09.439Z,6c427889-af8e-4777-826c-8ca6dabfbf8c,15.15,0.07,129.0
Dotyk.Application.News,2018-02-27T15:10:18.4511258Z,2018-02-27T15:10:34.168Z,b92ac1ec-ee2f-46e7-8023-36bbd9a8818b,15.17,0.26,105.0
Dotyk.Application.News,2018-02-27T15:27:16.2029794Z,2018-02-27T15:27:43.54Z,667b4c4d-2b42-4838-a8f0-f5afd9d7df20,15.45,0.46,37.0
Dotyk.Application.News,2018-02-27T15:29:43.3346665Z,2018-02-27T15:37:19.51Z,aac726e8-b107-4cc1-a6e5-910356478099,15.48,7.6,129.0
Dotyk.Application.News,2018-02-27T15:32:06.8101594Z,2018-02-27T16:49:23.128Z,dc27fae2-00e5-4c9c-8ce7-7911924f356e,15.53,77.27,25.0
Dotyk.Application.News,2018-02-27T15:49:34.3064629Z,2018-02-27T15:53:53.959Z,eb7d1ab0-38fe-46f9-b9c4-cac6e0978ca7,15.82,4.33,30.0
Dotyk.Application.News,2018-02-27T18:04:29.1922246Z,2018-02-27T18:04:51.538Z,dde4e207-5b76-4a43-866b-dd71ec3768d2,18.07,0.37,111.0
Dotyk.Application.News,2018-02-27T18:40:11.7534162Z,2018-02-27T18:48:32.322Z,35baf360-d52f-4b6b-8bd3-320dc5014d61,18.67,8.34,110.0
Dotyk.Application.News,2018-02-27T19:11:57.9768248Z,2018-02-27T19:12:11.465Z,83866a53-99d6-4c14-928d-2f26a395d115,19.18,0.22,155.0
Dotyk.Application.News,2018-02-27T21:43:37.9114854Z,2018-02-27T21:43:59.862Z,8e5825ed-7c38-44e5-a23d-982b7618b32b,21.72,0.37,155.0
Dotyk.Application.News,2018-02-28T15:26:48.4124828Z,2018-02-28T15:35:34.044Z,1e3705c8-875c-41d4-8d82-9de37d868648,15.43,8.76,39.0
Dotyk.Application.News,2018-02-28T16:55:44.3268649Z,2018-02-28T16:56:00.136Z,94dc894d-c698-4588-baf1-c4c80bd92c4e,16.92,0.26,38.0
Dotyk.Application.News,2018-02-28T18:12:52.6624113Z,2018-02-28T18:12:58.079Z,52590b77-dce2-4a40-a533-23377b3f004e,18.2,0.09,30.0
Dotyk.Application.News,2018-02-28T18:20:39.9816701Z,2018-02-28T18:20:42.58Z,5bc8c3cf-efe3-4289-a0f1-716d7e7279cc,18.33,0.04,30.0
Dotyk.Application.News,2018-02-28T18:20:49.2126981Z,2018-02-28T18:22:09.699Z,8a2f7eaa-4888-416c-81f2-4aad7477af8b,18.33,1.34,30.0
Dotyk.Application.News,2018-02-28T18:22:22.3431499Z,2018-02-28T18:22:35.55Z,cbe2ebe1-809d-41e2-90f2-88d12fd03ecb,18.37,0.22,30.0
Dotyk.Application.News,2018-02-28T18:32:34.415525Z,2018-02-28T18:32:55.051Z,e6bcbc38-90c5-4ad3-8196-815368bae82b,18.53,0.34,52.0
Dotyk.Application.News,2018-02-28T18:45:15.2144919Z,2018-02-28T18:45:22.659Z,2116f2dd-6f3f-4cfc-b88d-114efe88c585,18.75,0.12,19.0
Dotyk.Application.News,2018-02-28T18:50:50.0520363Z,2018-02-28T18:59:51.943Z,65bf4d58-b4f3-4516-bb28-4f9402cb485b,18.83,9.03,35.0
Dotyk.Application.News,2018-02-28T19:50:33.4342098Z,2018-02-28T20:07:19.576Z,519ff36d-cbad-4fc4-a377-aba09b5e07b2,19.83,16.77,75.0
Dotyk.Application.News,2018-02-28T19:56:00.6464063Z,2018-02-28T19:56:25.695Z,ea6c386e-2cfe-4af6-99c0-b77c71d0f839,19.93,0.42,85.0
Dotyk.Application.News,2018-02-28T20:56:34.4112301Z,2018-02-28T21:16:33.272Z,58a550c2-773a-4270-b235-a4bdf244682f,20.93,19.98,75.0
